Workbook

Sheet MANUAL_DE_USUARIO_Y_TEORIA
B1: MANUAL DE TEORÍA Y GUÍA DE USUARIO - MÉTODO DE RIGIDEZ DIRECTA
B2: Cátedra: Análisis Estructural II | Ing. Ulianov Cuba Valencia | Ejemplos Resueltos y Plantillas Configurables
B4: 1. SUSTENTACIÓN TEÓRICA Y CAPTURAS REALES DEL INGENIERO
B5: El Método de la Rigidez Directa (Matricial) formula el equilibrio de la estructura en función de los desplazamientos de los nudos como incógnitas fundamentales. Cada nudo posee dos grados de libertad ortogonales (X e Y), y cada barra aporta rigidez axial según su orientación y propiedades mecánicas (A, E, L). A continuación se presentan las capturas directas de las clases y guías académicas del docente que sustentan cada paso del sistema:
B24: ▲ Captura 1: Esquema de Armadura y Matrices Locales 4x4 (Apunte de Clase del Ingeniero) | G24: ▲ Captura 2: Asistente Interactivo con Grados de Libertad y Diagnóstico GH (Clase del Ingeniero)
B42: ▲ Captura 3: Hoja Automatizada del Docente con Gráfico y Tabla de Conectividad (Hoja1) | G42: ▲ Captura 4: Ecuación Global Matricial {C} = [K] · {D} y Desplazamientos del Profesor
G44: ⭐ EJEMPLO 4 RESUELTO: ARMADURA ASIMÉTRICA 4N-5B (CÁTEDRA ULIANOV)
G45: • Origen: Problema oficial de examen de la cátedra Ing. Ulianov Cuba (4 Nudos, 5 Barras).
G46: • Geometría: N1(0, 0) Fijo | N2(1000, 0) Rodillo Y | N3(200, 400) | N4(800, 800) Cumbrera.
G47: • Propiedades mecánicas: Módulo E = 120,000 Kgf/cm² | Área de sección A = 16.00 cm².
G48: • Solicitaciones aplicadas: Nudo 3: (+7800 Kgf, -7800 Kgf) | Nudo 4: (+6000 Kgf, -6000 Kgf).
G49: • Conectividad de barras: 1(1→2), 2(1→3), 3(3→2), 4(3→4), 5(4→2).
G50: • Reacciones teóricas exactas: C1X = -13,800.00 Kgf | C1Y = -480.00 Kgf | C2Y = +14,280.00 Kgf.
G51: • Equilibrio global: ΣFx = 0 (+7800 + 6000 - 13800 = 0) | ΣFy = 0 (-7800 - 6000 - 480 + 14280 = 0).
G52: • Fuerzas axiales verificadas: N1 = +13,560.00 Kgf (T) | N2 = +536.66 Kgf (T) | N3 = -12,764.75 Kgf (C)
G53: N4 = +4,635.71 Kgf (T) | N5 = -8,835.23 Kgf (C).
G54: • Estado en la suite: CASO 06 (Hoja GRAFICA_06 y AUTOMATIZADA_06) 100% resuelto y verificado.
B60: ▲ Captura 5: Ejercicio Oficial de Cátedra Ulianov (Armadura Asimétrica 4N-5B Resuelta al 100%)
B62: 2. CRITERIO DE DETERMINACIÓN ESTÁTICA Y FÓRMULAS DE CÁLCULO
B63: GRADO DE HIPERESTATICIDAD | C63: GH = b + r - 2j | E63: b = número de barras activas, r = número de reacciones en apoyos, j = número de nudos.
B64: CASO ISOSTÁTICO (GH = 0) | C64: b + r = 2j (Estable) | E64: La estructura es estáticamente determinada. Se resuelve exactamente por el método matricial.
B65: CASO HIPERESTÁTICO (GH > 0) | C65: b + r > 2j (Indeterminado) | E65: Posee barras redundantes internas o apoyos supernumerarios. Resuelto rigurosamente por rigidez.
B66: MATRIZ LOCAL DE BARRA (4x4) | C66: k_i = (AE/L) · [[Cx², CxCy, -Cx², -CxCy], ...] | E66: Cx = cos θ = DX/L, Cy = sen θ = DY/L. Vincula desplazamientos locales con globales.
B67: FUERZA AXIAL EN BARRA | C67: Ni = (AE/L) · [-Cx, -Cy, Cx, Cy] · {u} | E67: Ni > 0 indica TRACCIÓN (+), Ni < 0 indica COMPRESIÓN (-), Ni = 0 es FUERZA NULA.
B70: 3. CATÁLOGO MAESTRO DE MOLDES Y TOPOLOGÍAS ESTRUCTURALES (GUÍA RÁPIDA)
B71: GRUPO 1: 3 NUDOS / 3 BARRAS | C71: Casos 01 a 05 | D71: Triángulos simétricos, asimétricos, ménsulas de pared y techos tendidos de gran luz.
B72: GRUPO 2: 4 NUDOS / 5 BARRAS (10 MOLDES) | C72: Casos 06 a 15 | D72: ⭐ Caso 06 Ulianov, Caballete 2 aguas, Shed diente de sierra, Pratt, Howe, Torres trapezoidales, Abanico y Romboide.
B73: GRUPO 3: 5 NUDOS / 7 BARRAS (10 MOLDES) | C73: Casos 16 a 25 | D73: Warren clásica, Caballete con tornapunta, Pratt extremo recto, Howe, Ménsula de punta, Polonceau quebrado, Torre.
B74: GRUPO 4: 6 NUDOS / 9 BARRAS (10 MOLDES) | C74: Casos 26 a 35 | D74: Warren 3 paneles, Pratt, Howe, Fink con pendolón, Celosía K voladizo, Mansarda francesa, Marquesina de estadio.
B75: GRUPO 5: 7 Y 8 NUDOS DE GRAN ESCALA | C75: Casos 36 a 40 | D75: Warren extensa 4 paneles, Pratt múltiple, Celosía continua Polonceau, Puentes ferroviarios y Naves industriales.
B76: GRUPO 6: ARMADURAS HIPERESTÁTICAS | C76: Casos 41 a 70 | D76: 30 estructuras hiperestáticas comunes (GH=1 a GH=5) con arriostramientos en Cruz de San Andrés, vigas continuas, ménsulas empotradas y puentes multirótula.
B79: 4. SUPER PLANTILLAS MANUALES UNIVERSALES Y ACCESO DIRECTO A LOS 70 CASOS
B80: CASO # | C80: TIPO / ROL | D80: NOMBRE / TIPOLOGÍA | E80: NUDOS (j) | F80: BARRAS (b) | G80: REAC. (r) | H80: GRADO GH | I80: CLASIFICACIÓN | J80: GRÁFICA Y ASISTENTE (COORDENADAS EN CM) | K80: SOLUCIÓN MATRICIAL (AUTOMATIZADA)
B81: 1 | C81: ⭐ Ejemplo Resuelto | D81: Armadura Triangular WhatsApp (Caso 2 Original) | E81: 3 | F81: 3 | G81: 3 | H81: 0 | I81: ✅ Isostática (GH=0) | J81: =HYPERLINK("#'GRAFICA_01'!A1", "📈 Ir a Gráfica 01") -> 📈 Ir a Gráfica 01 | K81: =HYPERLINK("#'AUTOMATIZADA_01'!A1", "📊 Ir a Hoja 01") -> 📊 Ir a Hoja 01
B82: 2 | C82: ⭐ Ejemplo Resuelto | D82: Armadura Triangular Profesor (Caso 1 Original) | E82: 3 | F82: 3 | G82: 3 | H82: 0 | I82: ✅ Isostática (GH=0) | J82: =HYPERLINK("#'GRAFICA_02'!A1", "📈 Ir a Gráfica 02") -> 📈 Ir a Gráfica 02 | K82: =HYPERLINK("#'AUTOMATIZADA_02'!A1", "📊 Ir a Hoja 02") -> 📊 Ir a Hoja 02
B83: 3 | C83: ⭐ Ejemplo Resuelto | D83: Triángulo Equilátero de Cubierta | E83: 3 | F83: 3 | G83: 3 | H83: 0 | I83: ✅ Isostática (GH=0) | J83: =HYPERLINK("#'GRAFICA_03'!A1", "📈 Ir a Gráfica 03") -> 📈 Ir a Gráfica 03 | K83: =HYPERLINK("#'AUTOMATIZADA_03'!A1", "📊 Ir a Hoja 03") -> 📊 Ir a Hoja 03
B84: 4 | C84: 📋 Plantilla Configurable | D84: Ménsula Triangular Rectángulo | E84: 3 | F84: 3 | G84: 3 | H84: 0 | I84: ✅ Isostática (GH=0) | J84: =HYPERLINK("#'GRAFICA_04'!A1", "📈 Ir a Gráfica 04") -> 📈 Ir a Gráfica 04 | K84: =HYPERLINK("#'AUTOMATIZADA_04'!A1", "📊 Ir a Hoja 04") -> 📊 Ir a Hoja 04
B85: 5 | C85: 📋 Plantilla Configurable | D85: Armadura de Techo Tendido | E85: 3 | F85: 3 | G85: 3 | H85: 0 | I85: ✅ Isostática (GH=0) | J85: =HYPERLINK("#'GRAFICA_05'!A1", "📈 Ir a Gráfica 05") -> 📈 Ir a Gráfica 05 | K85: =HYPERLINK("#'AUTOMATIZADA_05'!A1", "📊 Ir a Hoja 05") -> 📊 Ir a Hoja 05
B86: 6 | C86: ⭐ Ejemplo Resuelto | D86: Armadura Asimétrica 4 Nudos y 5 Barras (Cátedra Ulianov) | E86: 4 | F86: 5 | G86: 3 | H86: 0 | I86: ✅ Isostática (GH=0) | J86: =HYPERLINK("#'GRAFICA_06'!A1", "📈 Ir a Gráfica 06") -> 📈 Ir a Gráfica 06 | K86: =HYPERLINK("#'AUTOMATIZADA_06'!A1", "📊 Ir a Hoja 06") -> 📊 Ir a Hoja 06
B87: 7 | C87: 📋 Plantilla Configurable | D87: Caballete Simétrico de Dos Aguas | E87: 4 | F87: 5 | G87: 3 | H87: 0 | I87: ✅ Isostática (GH=0) | J87: =HYPERLINK("#'GRAFICA_07'!A1", "📈 Ir a Gráfica 07") -> 📈 Ir a Gráfica 07 | K87: =HYPERLINK("#'AUTOMATIZADA_07'!A1", "📊 Ir a Hoja 07") -> 📊 Ir a Hoja 07
B88: 8 | C88: 📋 Plantilla Configurable | D88: Cercha Asimétrica Diente de Sierra | E88: 4 | F88: 5 | G88: 3 | H88: 0 | I88: ✅ Isostática (GH=0) | J88: =HYPERLINK("#'GRAFICA_08'!A1", "📈 Ir a Gráfica 08") -> 📈 Ir a Gráfica 08 | K88: =HYPERLINK("#'AUTOMATIZADA_08'!A1", "📊 Ir a Hoja 08") -> 📊 Ir a Hoja 08
B89: 9 | C89: 📋 Plantilla Configurable | D89: Triángulo Asimétrico con Diagonal Inversa | E89: 4 | F89: 5 | G89: 3 | H89: 0 | I89: ✅ Isostática (GH=0) | J89: =HYPERLINK("#'GRAFICA_09'!A1", "📈 Ir a Gráfica 09") -> 📈 Ir a Gráfica 09 | K89: =HYPERLINK("#'AUTOMATIZADA_09'!A1", "📊 Ir a Hoja 09") -> 📊 Ir a Hoja 09
B90: 10 | C90: 📋 Plantilla Configurable | D90: Ménsula Voladiza Tipo Pratt | E90: 4 | F90: 5 | G90: 3 | H90: 0 | I90: ✅ Isostática (GH=0) | J90: =HYPERLINK("#'GRAFICA_10'!A1", "📈 Ir a Gráfica 10") -> 📈 Ir a Gráfica 10 | K90: =HYPERLINK("#'AUTOMATIZADA_10'!A1", "📊 Ir a Hoja 10") -> 📊 Ir a Hoja 10
B91: 11 | C91: 📋 Plantilla Configurable | D91: Ménsula Voladiza Tipo Howe | E91: 4 | F91: 5 | G91: 3 | H91: 0 | I91: ✅ Isostática (GH=0) | J91: =HYPERLINK("#'GRAFICA_11'!A1", "📈 Ir a Gráfica 11") -> 📈 Ir a Gráfica 11 | K91: =HYPERLINK("#'AUTOMATIZADA_11'!A1", "📊 Ir a Hoja 11") -> 📊 Ir a Hoja 11
B92: 12 | C92: 📋 Plantilla Configurable | D92: Torre Trapezoidal con Diagonal Ascendente | E92: 4 | F92: 5 | G92: 3 | H92: 0 | I92: ✅ Isostática (GH=0) | J92: =HYPERLINK("#'GRAFICA_12'!A1", "📈 Ir a Gráfica 12") -> 📈 Ir a Gráfica 12 | K92: =HYPERLINK("#'AUTOMATIZADA_12'!A1", "📊 Ir a Hoja 12") -> 📊 Ir a Hoja 12
B93: 13 | C93: 📋 Plantilla Configurable | D93: Torre Trapezoidal con Diagonal Descendente | E93: 4 | F93: 5 | G93: 3 | H93: 0 | I93: ✅ Isostática (GH=0) | J93: =HYPERLINK("#'GRAFICA_13'!A1", "📈 Ir a Gráfica 13") -> 📈 Ir a Gráfica 13 | K93: =HYPERLINK("#'AUTOMATIZADA_13'!A1", "📊 Ir a Hoja 13") -> 📊 Ir a Hoja 13
B94: 14 | C94: 📋 Plantilla Configurable | D94: Abanico Radiante (Fan-Truss) 4 Nudos | E94: 4 | F94: 5 | G94: 3 | H94: 0 | I94: ✅ Isostática (GH=0) | J94: =HYPERLINK("#'GRAFICA_14'!A1", "📈 Ir a Gráfica 14") -> 📈 Ir a Gráfica 14 | K94: =HYPERLINK("#'AUTOMATIZADA_14'!A1", "📊 Ir a Hoja 14") -> 📊 Ir a Hoja 14
B95: 15 | C95: 📋 Plantilla Configurable | D95: Armadura Romboide con Tirante Descolgado | E95: 4 | F95: 5 | G95: 3 | H95: 0 | I95: ✅ Isostática (GH=0) | J95: =HYPERLINK("#'GRAFICA_15'!A1", "📈 Ir a Gráfica 15") -> 📈 Ir a Gráfica 15 | K95: =HYPERLINK("#'AUTOMATIZADA_15'!A1", "📊 Ir a Hoja 15") -> 📊 Ir a Hoja 15
B96: 16 | C96: 📋 Plantilla Configurable | D96: Warren Clásica de 2 Paneles | E96: 5 | F96: 7 | G96: 3 | H96: 0 | I96: ✅ Isostática (GH=0) | J96: =HYPERLINK("#'GRAFICA_16'!A1", "📈 Ir a Gráfica 16") -> 📈 Ir a Gráfica 16 | K96: =HYPERLINK("#'AUTOMATIZADA_16'!A1", "📊 Ir a Hoja 16") -> 📊 Ir a Hoja 16
B97: 17 | C97: 📋 Plantilla Configurable | D97: Caballete a Dos Aguas con Tornapunta y Montante | E97: 5 | F97: 7 | G97: 3 | H97: 0 | I97: ✅ Isostática (GH=0) | J97: =HYPERLINK("#'GRAFICA_17'!A1", "📈 Ir a Gráfica 17") -> 📈 Ir a Gráfica 17 | K97: =HYPERLINK("#'AUTOMATIZADA_17'!A1", "📊 Ir a Hoja 17") -> 📊 Ir a Hoja 17
B98: 18 | C98: 📋 Plantilla Configurable | D98: Cercha Pratt de Extremo Recto | E98: 5 | F98: 7 | G98: 3 | H98: 0 | I98: ✅ Isostática (GH=0) | J98: =HYPERLINK("#'GRAFICA_18'!A1", "📈 Ir a Gráfica 18") -> 📈 Ir a Gráfica 18 | K98: =HYPERLINK("#'AUTOMATIZADA_18'!A1", "📊 Ir a Hoja 18") -> 📊 Ir a Hoja 18
B99: 19 | C99: 📋 Plantilla Configurable | D99: Caballete Howe con Tornapunta Derecha | E99: 5 | F99: 7 | G99: 3 | H99: 0 | I99: ✅ Isostática (GH=0) | J99: =HYPERLINK("#'GRAFICA_19'!A1", "📈 Ir a Gráfica 19") -> 📈 Ir a Gráfica 19 | K99: =HYPERLINK("#'AUTOMATIZADA_19'!A1", "📊 Ir a Hoja 19") -> 📊 Ir a Hoja 19
B100: 20 | C100: 📋 Plantilla Configurable | D100: Ménsula Voladiza Triangular de Punta | E100: 5 | F100: 7 | G100: 3 | H100: 0 | I100: ✅ Isostática (GH=0) | J100: =HYPERLINK("#'GRAFICA_20'!A1", "📈 Ir a Gráfica 20") -> 📈 Ir a Gráfica 20 | K100: =HYPERLINK("#'AUTOMATIZADA_20'!A1", "📊 Ir a Hoja 20") -> 📊 Ir a Hoja 20
B101: 21 | C101: 📋 Plantilla Configurable | D101: Torre Trapezoidal con Cúspide Piramidal | E101: 5 | F101: 7 | G101: 3 | H101: 0 | I101: ✅ Isostática (GH=0) | J101: =HYPERLINK("#'GRAFICA_21'!A1", "📈 Ir a Gráfica 21") -> 📈 Ir a Gráfica 21 | K101: =HYPERLINK("#'AUTOMATIZADA_21'!A1", "📊 Ir a Hoja 21") -> 📊 Ir a Hoja 21
B102: 22 | C102: 📋 Plantilla Configurable | D102: Armadura Polonceau con Tirante Quebrado | E102: 5 | F102: 7 | G102: 3 | H102: 0 | I102: ✅ Isostática (GH=0) | J102: =HYPERLINK("#'GRAFICA_22'!A1", "📈 Ir a Gráfica 22") -> 📈 Ir a Gráfica 22 | K102: =HYPERLINK("#'AUTOMATIZADA_22'!A1", "📊 Ir a Hoja 22") -> 📊 Ir a Hoja 22
B103: 23 | C103: 📋 Plantilla Configurable | D103: Cercha Shed Diente de Sierra con Tornapunta | E103: 5 | F103: 7 | G103: 3 | H103: 0 | I103: ✅ Isostática (GH=0) | J103: =HYPERLINK("#'GRAFICA_23'!A1", "📈 Ir a Gráfica 23") -> 📈 Ir a Gráfica 23 | K103: =HYPERLINK("#'AUTOMATIZADA_23'!A1", "📊 Ir a Hoja 23") -> 📊 Ir a Hoja 23
B104: 24 | C104: 📋 Plantilla Configurable | D104: Ménsula de Fachada Doble Montante | E104: 5 | F104: 7 | G104: 3 | H104: 0 | I104: ✅ Isostática (GH=0) | J104: =HYPERLINK("#'GRAFICA_24'!A1", "📈 Ir a Gráfica 24") -> 📈 Ir a Gráfica 24 | K104: =HYPERLINK("#'AUTOMATIZADA_24'!A1", "📊 Ir a Hoja 24") -> 📊 Ir a Hoja 24
B105: 25 | C105: 📋 Plantilla Configurable | D105: Cercha Asimétrica sobre Terreno Inclinado | E105: 5 | F105: 7 | G105: 3 | H105: 0 | I105: ✅ Isostática (GH=0) | J105: =HYPERLINK("#'GRAFICA_25'!A1", "📈 Ir a Gráfica 25") -> 📈 Ir a Gráfica 25 | K105: =HYPERLINK("#'AUTOMATIZADA_25'!A1", "📊 Ir a Hoja 25") -> 📊 Ir a Hoja 25
B106: 26 | C106: 📋 Plantilla Configurable | D106: Warren Clásica con Montantes y Diagonales | E106: 6 | F106: 9 | G106: 3 | H106: 0 | I106: ✅ Isostática (GH=0) | J106: =HYPERLINK("#'GRAFICA_26'!A1", "📈 Ir a Gráfica 26") -> 📈 Ir a Gráfica 26 | K106: =HYPERLINK("#'AUTOMATIZADA_26'!A1", "📊 Ir a Hoja 26") -> 📊 Ir a Hoja 26
B107: 27 | C107: 📋 Plantilla Configurable | D107: Armadura Pratt de 3 Paneles | E107: 6 | F107: 9 | G107: 3 | H107: 0 | I107: ✅ Isostática (GH=0) | J107: =HYPERLINK("#'GRAFICA_27'!A1", "📈 Ir a Gráfica 27") -> 📈 Ir a Gráfica 27 | K107: =HYPERLINK("#'AUTOMATIZADA_27'!A1", "📊 Ir a Hoja 27") -> 📊 Ir a Hoja 27
B108: 28 | C108: 📋 Plantilla Configurable | D108: Armadura Howe de 3 Paneles | E108: 6 | F108: 9 | G108: 3 | H108: 0 | I108: ✅ Isostática (GH=0) | J108: =HYPERLINK("#'GRAFICA_28'!A1", "📈 Ir a Gráfica 28") -> 📈 Ir a Gráfica 28 | K108: =HYPERLINK("#'AUTOMATIZADA_28'!A1", "📊 Ir a Hoja 28") -> 📊 Ir a Hoja 28
B109: 29 | C109: 📋 Plantilla Configurable | D109: Cercha Fink a Dos Aguas con Pendolón | E109: 6 | F109: 9 | G109: 3 | H109: 0 | I109: ✅ Isostática (GH=0) | J109: =HYPERLINK("#'GRAFICA_29'!A1", "📈 Ir a Gráfica 29") -> 📈 Ir a Gráfica 29 | K109: =HYPERLINK("#'AUTOMATIZADA_29'!A1", "📊 Ir a Hoja 29") -> 📊 Ir a Hoja 29
B110: 30 | C110: 📋 Plantilla Configurable | D110: Ménsula K-Truss en Voladizo | E110: 6 | F110: 9 | G110: 3 | H110: 0 | I110: ✅ Isostática (GH=0) | J110: =HYPERLINK("#'GRAFICA_30'!A1", "📈 Ir a Gráfica 30") -> 📈 Ir a Gráfica 30 | K110: =HYPERLINK("#'AUTOMATIZADA_30'!A1", "📊 Ir a Hoja 30") -> 📊 Ir a Hoja 30
B111: 31 | C111: 📋 Plantilla Configurable | D111: Cercha Mansarda Francesa | E111: 6 | F111: 9 | G111: 3 | H111: 0 | I111: ✅ Isostática (GH=0) | J111: =HYPERLINK("#'GRAFICA_31'!A1", "📈 Ir a Gráfica 31") -> 📈 Ir a Gráfica 31 | K111: =HYPERLINK("#'AUTOMATIZADA_31'!A1", "📊 Ir a Hoja 31") -> 📊 Ir a Hoja 31
B112: 32 | C112: 📋 Plantilla Configurable | D112: Marquesina en Voladizo de Dos Módulos | E112: 6 | F112: 9 | G112: 3 | H112: 0 | I112: ✅ Isostática (GH=0) | J112: =HYPERLINK("#'GRAFICA_32'!A1", "📈 Ir a Gráfica 32") -> 📈 Ir a Gráfica 32 | K112: =HYPERLINK("#'AUTOMATIZADA_32'!A1", "📊 Ir a Hoja 32") -> 📊 Ir a Hoja 32
B113: 33 | C113: 📋 Plantilla Configurable | D113: Torre de Alta Tensión de Dos Cuerpos | E113: 6 | F113: 9 | G113: 3 | H113: 0 | I113: ✅ Isostática (GH=0) | J113: =HYPERLINK("#'GRAFICA_33'!A1", "📈 Ir a Gráfica 33") -> 📈 Ir a Gráfica 33 | K113: =HYPERLINK("#'AUTOMATIZADA_33'!A1", "📊 Ir a Hoja 33") -> 📊 Ir a Hoja 33
B114: 34 | C114: 📋 Plantilla Configurable | D114: Puente Peatonal de Paso Superior | E114: 6 | F114: 9 | G114: 3 | H114: 0 | I114: ✅ Isostática (GH=0) | J114: =HYPERLINK("#'GRAFICA_34'!A1", "📈 Ir a Gráfica 34") -> 📈 Ir a Gráfica 34 | K114: =HYPERLINK("#'AUTOMATIZADA_34'!A1", "📊 Ir a Hoja 34") -> 📊 Ir a Hoja 34
B115: 35 | C115: 📋 Plantilla Configurable | D115: Cercha Industrial Shed de Gran Luz | E115: 6 | F115: 9 | G115: 3 | H115: 0 | I115: ✅ Isostática (GH=0) | J115: =HYPERLINK("#'GRAFICA_35'!A1", "📈 Ir a Gráfica 35") -> 📈 Ir a Gráfica 35 | K115: =HYPERLINK("#'AUTOMATIZADA_35'!A1", "📊 Ir a Hoja 35") -> 📊 Ir a Hoja 35
B116: 36 | C116: 📋 Plantilla Configurable | D116: Armadura Warren Extensa de 4 Paneles | E116: 7 | F116: 11 | G116: 3 | H116: 0 | I116: ✅ Isostática (GH=0) | J116: =HYPERLINK("#'GRAFICA_36'!A1", "📈 Ir a Gráfica 36") -> 📈 Ir a Gráfica 36 | K116: =HYPERLINK("#'AUTOMATIZADA_36'!A1", "📊 Ir a Hoja 36") -> 📊 Ir a Hoja 36
B117: 37 | C117: 📋 Plantilla Configurable | D117: Armadura Pratt con Montantes Múltiples | E117: 7 | F117: 11 | G117: 3 | H117: 0 | I117: ✅ Isostática (GH=0) | J117: =HYPERLINK("#'GRAFICA_37'!A1", "📈 Ir a Gráfica 37") -> 📈 Ir a Gráfica 37 | K117: =HYPERLINK("#'AUTOMATIZADA_37'!A1", "📊 Ir a Hoja 37") -> 📊 Ir a Hoja 37
B118: 38 | C118: 📋 Plantilla Configurable | D118: Armadura de Celosía Continua Polonceau | E118: 7 | F118: 11 | G118: 3 | H118: 0 | I118: ✅ Isostática (GH=0) | J118: =HYPERLINK("#'GRAFICA_38'!A1", "📈 Ir a Gráfica 38") -> 📈 Ir a Gráfica 38 | K118: =HYPERLINK("#'AUTOMATIZADA_38'!A1", "📊 Ir a Hoja 38") -> 📊 Ir a Hoja 38
B119: 39 | C119: 📋 Plantilla Configurable | D119: Puente Ferroviario de Gran Luz | E119: 8 | F119: 13 | G119: 3 | H119: 0 | I119: ✅ Isostática (GH=0) | J119: =HYPERLINK("#'GRAFICA_39'!A1", "📈 Ir a Gráfica 39") -> 📈 Ir a Gráfica 39 | K119: =HYPERLINK("#'AUTOMATIZADA_39'!A1", "📊 Ir a Hoja 39") -> 📊 Ir a Hoja 39
B120: 40 | C120: 📋 Plantilla Configurable | D120: Armadura Monumental de Nave Industrial | E120: 8 | F120: 13 | G120: 3 | H120: 0 | I120: ✅ Isostática (GH=0) | J120: =HYPERLINK("#'GRAFICA_40'!A1", "📈 Ir a Gráfica 40") -> 📈 Ir a Gráfica 40 | K120: =HYPERLINK("#'AUTOMATIZADA_40'!A1", "📊 Ir a Hoja 40") -> 📊 Ir a Hoja 40
B121: 41 | C121: 📋 Plantilla Configurable | D121: Panel Cuadrangular con Cruz de San Andrés | E121: 4 | F121: 6 | G121: 3 | H121: 1 | I121: 🔷 Hiperestática (GH=1) | J121: =HYPERLINK("#'GRAFICA_41'!A1", "📈 Ir a Gráfica 41") -> 📈 Ir a Gráfica 41 | K121: =HYPERLINK("#'AUTOMATIZADA_41'!A1", "📊 Ir a Hoja 41") -> 📊 Ir a Hoja 41
B122: 42 | C122: 📋 Plantilla Configurable | D122: Panel Antisismo en X con Carga Lateral | E122: 4 | F122: 6 | G122: 3 | H122: 1 | I122: 🔷 Hiperestática (GH=1) | J122: =HYPERLINK("#'GRAFICA_42'!A1", "📈 Ir a Gráfica 42") -> 📈 Ir a Gráfica 42 | K122: =HYPERLINK("#'AUTOMATIZADA_42'!A1", "📊 Ir a Hoja 42") -> 📊 Ir a Hoja 42
B123: 43 | C123: 📋 Plantilla Configurable | D123: Warren Hiperestática con Panel en X Central | E123: 5 | F123: 8 | G123: 3 | H123: 1 | I123: 🔷 Hiperestática (GH=1) | J123: =HYPERLINK("#'GRAFICA_43'!A1", "📈 Ir a Gráfica 43") -> 📈 Ir a Gráfica 43 | K123: =HYPERLINK("#'AUTOMATIZADA_43'!A1", "📊 Ir a Hoja 43") -> 📊 Ir a Hoja 43
B124: 44 | C124: 📋 Plantilla Configurable | D124: Armadura de Dos Paneles Doble X (Grado 2) | E124: 5 | F124: 9 | G124: 3 | H124: 2 | I124: 🔷 Hiperestática (GH=2) | J124: =HYPERLINK("#'GRAFICA_44'!A1", "📈 Ir a Gráfica 44") -> 📈 Ir a Gráfica 44 | K124: =HYPERLINK("#'AUTOMATIZADA_44'!A1", "📊 Ir a Hoja 44") -> 📊 Ir a Hoja 44
B125: 45 | C125: 📋 Plantilla Configurable | D125: Puente Reticular Hiperestático Grado 2 | E125: 6 | F125: 11 | G125: 3 | H125: 2 | I125: 🔷 Hiperestática (GH=2) | J125: =HYPERLINK("#'GRAFICA_45'!A1", "📈 Ir a Gráfica 45") -> 📈 Ir a Gráfica 45 | K125: =HYPERLINK("#'AUTOMATIZADA_45'!A1", "📊 Ir a Hoja 45") -> 📊 Ir a Hoja 45
B126: 46 | C126: 📋 Plantilla Configurable | D126: Armadura de Celosía con Barra Espía Central | E126: 4 | F126: 6 | G126: 3 | H126: 1 | I126: 🔷 Hiperestática (GH=1) | J126: =HYPERLINK("#'GRAFICA_46'!A1", "📈 Ir a Gráfica 46") -> 📈 Ir a Gráfica 46 | K126: =HYPERLINK("#'AUTOMATIZADA_46'!A1", "📊 Ir a Hoja 46") -> 📊 Ir a Hoja 46
B127: 47 | C127: 📋 Plantilla Configurable | D127: Armadura de Celosía Warren Triplemente Cruzada | E127: 6 | F127: 12 | G127: 3 | H127: 3 | I127: 🔷 Hiperestática (GH=3) | J127: =HYPERLINK("#'GRAFICA_47'!A1", "📈 Ir a Gráfica 47") -> 📈 Ir a Gráfica 47 | K127: =HYPERLINK("#'AUTOMATIZADA_47'!A1", "📊 Ir a Hoja 47") -> 📊 Ir a Hoja 47
B128: 48 | C128: 📋 Plantilla Configurable | D128: Viga Vierendeel Arriostrada Hiperestática Grado 2 | E128: 6 | F128: 11 | G128: 3 | H128: 2 | I128: 🔷 Hiperestática (GH=2) | J128: =HYPERLINK("#'GRAFICA_48'!A1", "📈 Ir a Gráfica 48") -> 📈 Ir a Gráfica 48 | K128: =HYPERLINK("#'AUTOMATIZADA_48'!A1", "📊 Ir a Hoja 48") -> 📊 Ir a Hoja 48
B129: 49 | C129: 📋 Plantilla Configurable | D129: Triángulo con Doble Apoyo Fijo | E129: 3 | F129: 3 | G129: 4 | H129: 1 | I129: 🔷 Hiperestática (GH=1) | J129: =HYPERLINK("#'GRAFICA_49'!A1", "📈 Ir a Gráfica 49") -> 📈 Ir a Gráfica 49 | K129: =HYPERLINK("#'AUTOMATIZADA_49'!A1", "📊 Ir a Hoja 49") -> 📊 Ir a Hoja 49
B130: 50 | C130: 📋 Plantilla Configurable | D130: Triángulo Hiperestático con 3 Apoyos | E130: 3 | F130: 3 | G130: 5 | H130: 2 | I130: 🔷 Hiperestática (GH=2) | J130: =HYPERLINK("#'GRAFICA_50'!A1", "📈 Ir a Gráfica 50") -> 📈 Ir a Gráfica 50 | K130: =HYPERLINK("#'AUTOMATIZADA_50'!A1", "📊 Ir a Hoja 50") -> 📊 Ir a Hoja 50
B131: 51 | C131: 📋 Plantilla Configurable | D131: Armadura 4 Nudos con Dos Apoyos Fijos | E131: 4 | F131: 5 | G131: 4 | H131: 1 | I131: 🔷 Hiperestática (GH=1) | J131: =HYPERLINK("#'GRAFICA_51'!A1", "📈 Ir a Gráfica 51") -> 📈 Ir a Gráfica 51 | K131: =HYPERLINK("#'AUTOMATIZADA_51'!A1", "📊 Ir a Hoja 51") -> 📊 Ir a Hoja 51
B132: 52 | C132: 📋 Plantilla Configurable | D132: Puente Continuo de Dos Luces | E132: 5 | F132: 7 | G132: 4 | H132: 1 | I132: 🔷 Hiperestática (GH=1) | J132: =HYPERLINK("#'GRAFICA_52'!A1", "📈 Ir a Gráfica 52") -> 📈 Ir a Gráfica 52 | K132: =HYPERLINK("#'AUTOMATIZADA_52'!A1", "📊 Ir a Hoja 52") -> 📊 Ir a Hoja 52
B133: 53 | C133: 📋 Plantilla Configurable | D133: Armadura Bípode con Anclajes Fijos | E133: 4 | F133: 5 | G133: 6 | H133: 3 | I133: 🔷 Hiperestática (GH=3) | J133: =HYPERLINK("#'GRAFICA_53'!A1", "📈 Ir a Gráfica 53") -> 📈 Ir a Gráfica 53 | K133: =HYPERLINK("#'AUTOMATIZADA_53'!A1", "📊 Ir a Hoja 53") -> 📊 Ir a Hoja 53
B134: 54 | C134: 📋 Plantilla Configurable | D134: Puente de Dos Vanos de 6 Nudos | E134: 6 | F134: 9 | G134: 4 | H134: 1 | I134: 🔷 Hiperestática (GH=1) | J134: =HYPERLINK("#'GRAFICA_54'!A1", "📈 Ir a Gráfica 54") -> 📈 Ir a Gráfica 54 | K134: =HYPERLINK("#'AUTOMATIZADA_54'!A1", "📊 Ir a Hoja 54") -> 📊 Ir a Hoja 54
B135: 55 | C135: 📋 Plantilla Configurable | D135: Panel en X con Dos Apoyos Fijos | E135: 4 | F135: 6 | G135: 4 | H135: 2 | I135: 🔷 Hiperestática (GH=2) | J135: =HYPERLINK("#'GRAFICA_55'!A1", "📈 Ir a Gráfica 55") -> 📈 Ir a Gráfica 55 | K135: =HYPERLINK("#'AUTOMATIZADA_55'!A1", "📊 Ir a Hoja 55") -> 📊 Ir a Hoja 55
B136: 56 | C136: 📋 Plantilla Configurable | D136: Warren Continua con Diagonal Cruzada | E136: 5 | F136: 8 | G136: 4 | H136: 2 | I136: 🔷 Hiperestática (GH=2) | J136: =HYPERLINK("#'GRAFICA_56'!A1", "📈 Ir a Gráfica 56") -> 📈 Ir a Gráfica 56 | K136: =HYPERLINK("#'AUTOMATIZADA_56'!A1", "📊 Ir a Hoja 56") -> 📊 Ir a Hoja 56
B137: 57 | C137: 📋 Plantilla Configurable | D137: Pratt Mixta con Doble X y Apoyos Fijos | E137: 6 | F137: 11 | G137: 4 | H137: 3 | I137: 🔷 Hiperestática (GH=3) | J137: =HYPERLINK("#'GRAFICA_57'!A1", "📈 Ir a Gráfica 57") -> 📈 Ir a Gráfica 57 | K137: =HYPERLINK("#'AUTOMATIZADA_57'!A1", "📊 Ir a Hoja 57") -> 📊 Ir a Hoja 57
B138: 58 | C138: 📋 Plantilla Configurable | D138: Puente Continuo con Paneles Cruzados | E138: 6 | F138: 11 | G138: 4 | H138: 3 | I138: 🔷 Hiperestática (GH=3) | J138: =HYPERLINK("#'GRAFICA_58'!A1", "📈 Ir a Gráfica 58") -> 📈 Ir a Gráfica 58 | K138: =HYPERLINK("#'AUTOMATIZADA_58'!A1", "📊 Ir a Hoja 58") -> 📊 Ir a Hoja 58
B139: 59 | C139: 📋 Plantilla Configurable | D139: Armadura de Celosía Hiperestática Grado 4 | E139: 6 | F139: 12 | G139: 5 | H139: 5 | I139: 🔷 Hiperestática (GH=5) | J139: =HYPERLINK("#'GRAFICA_59'!A1", "📈 Ir a Gráfica 59") -> 📈 Ir a Gráfica 59 | K139: =HYPERLINK("#'AUTOMATIZADA_59'!A1", "📊 Ir a Hoja 59") -> 📊 Ir a Hoja 59
B140: 60 | C140: 📋 Plantilla Configurable | D140: Mega-Estructura Continua Hiperestática Grado 4 | E140: 6 | F140: 12 | G140: 5 | H140: 5 | I140: 🔷 Hiperestática (GH=5) | J140: =HYPERLINK("#'GRAFICA_60'!A1", "📈 Ir a Gráfica 60") -> 📈 Ir a Gráfica 60 | K140: =HYPERLINK("#'AUTOMATIZADA_60'!A1", "📊 Ir a Hoja 60") -> 📊 Ir a Hoja 60
B141: 61 | C141: 📋 Plantilla Configurable | D141: Panel Doble Fijo en Cruz de San Andrés | E141: 4 | F141: 6 | G141: 4 | H141: 2 | I141: 🔷 Hiperestática (GH=2) | J141: =HYPERLINK("#'GRAFICA_61'!A1", "📈 Ir a Gráfica 61") -> 📈 Ir a Gráfica 61 | K141: =HYPERLINK("#'AUTOMATIZADA_61'!A1", "📊 Ir a Hoja 61") -> 📊 Ir a Hoja 61
B142: 62 | C142: 📋 Plantilla Configurable | D142: Caballete Hiperestático con Tirante en Cruz | E142: 5 | F142: 8 | G142: 3 | H142: 1 | I142: 🔷 Hiperestática (GH=1) | J142: =HYPERLINK("#'GRAFICA_62'!A1", "📈 Ir a Gráfica 62") -> 📈 Ir a Gráfica 62 | K142: =HYPERLINK("#'AUTOMATIZADA_62'!A1", "📊 Ir a Hoja 62") -> 📊 Ir a Hoja 62
B143: 63 | C143: 📋 Plantilla Configurable | D143: Warren Continua sobre 3 Apoyos (GH = 1) | E143: 5 | F143: 7 | G143: 4 | H143: 1 | I143: 🔷 Hiperestática (GH=1) | J143: =HYPERLINK("#'GRAFICA_63'!A1", "📈 Ir a Gráfica 63") -> 📈 Ir a Gráfica 63 | K143: =HYPERLINK("#'AUTOMATIZADA_63'!A1", "📊 Ir a Hoja 63") -> 📊 Ir a Hoja 63
B144: 64 | C144: 📋 Plantilla Configurable | D144: Puente Pratt con Panel Central en X (GH = 2) | E144: 6 | F144: 11 | G144: 3 | H144: 2 | I144: 🔷 Hiperestática (GH=2) | J144: =HYPERLINK("#'GRAFICA_64'!A1", "📈 Ir a Gráfica 64") -> 📈 Ir a Gráfica 64 | K144: =HYPERLINK("#'AUTOMATIZADA_64'!A1", "📊 Ir a Hoja 64") -> 📊 Ir a Hoja 64
B145: 65 | C145: 📋 Plantilla Configurable | D145: Viga Continua Multirótula de 4 Apoyos (GH = 3) | E145: 6 | F145: 10 | G145: 5 | H145: 3 | I145: 🔷 Hiperestática (GH=3) | J145: =HYPERLINK("#'GRAFICA_65'!A1", "📈 Ir a Gráfica 65") -> 📈 Ir a Gráfica 65 | K145: =HYPERLINK("#'AUTOMATIZADA_65'!A1", "📊 Ir a Hoja 65") -> 📊 Ir a Hoja 65
B146: 66 | C146: 📋 Plantilla Configurable | D146: Celosía con Doble Panel Totalmente en X (GH = 3) | E146: 6 | F146: 12 | G146: 3 | H146: 3 | I146: 🔷 Hiperestática (GH=3) | J146: =HYPERLINK("#'GRAFICA_66'!A1", "📈 Ir a Gráfica 66") -> 📈 Ir a Gráfica 66 | K146: =HYPERLINK("#'AUTOMATIZADA_66'!A1", "📊 Ir a Hoja 66") -> 📊 Ir a Hoja 66
B147: 67 | C147: 📋 Plantilla Configurable | D147: Ménsula Empotrada Biarticulada en X (GH = 2) | E147: 4 | F147: 6 | G147: 4 | H147: 2 | I147: 🔷 Hiperestática (GH=2) | J147: =HYPERLINK("#'GRAFICA_67'!A1", "📈 Ir a Gráfica 67") -> 📈 Ir a Gráfica 67 | K147: =HYPERLINK("#'AUTOMATIZADA_67'!A1", "📊 Ir a Hoja 67") -> 📊 Ir a Hoja 67
...

Sheet MANUAL_ISOSTATICA_3R
A1: PLANTILLA MANUAL - CASO ISOSTÁTICO (HASTA 6 NODOS Y 8 BARRAS - CÁTEDRA ING. ULIANOV)
A2: Cátedra: Análisis Estructural II | Ing. Ulianov Cuba Valencia | Plantilla 100% Automatizada con Capacidad hasta 6 Nodos y 8 Barras
B4: BARRA | C4: INICIO (cm) | E4: FIN (cm) | G4: DX (cm) | H4: DY (cm) | I4: L (cm) | J4: Cx | K4: Cy | L4: A (cm²) | M4: E (Kgf/cm²) | N4: AE/L (Kgf/cm) | P4: COORDENADAS, CONDICIONES DE APOYO Y CARGAS NODALES (HASTA 6 NODOS)
C5: X | D5: Y | E5: X | F5: Y | P5: NUDO | Q5: X (cm) | R5: Y (cm) | S5: TIPO APOYO | T5: Rx | U5: Ry | V5: Px (Kgf) | W5: Py (Kgf)
B6: 1 | C6: =IF(C17="","", IFERROR(VLOOKUP(C17, $P$6:$W$11, 2, FALSE), "")) -> 0 | D6: =IF(C17="","", IFERROR(VLOOKUP(C17, $P$6:$W$11, 3, FALSE), "")) -> 0 | E6: =IF(F17="","", IFERROR(VLOOKUP(F17, $P$6:$W$11, 2, FALSE), "")) -> 1000 | F6: =IF(F17="","", IFERROR(VLOOKUP(F17, $P$6:$W$11, 3, FALSE), "")) -> 0 | G6: =IF(OR(C6="",E6=""), "", E6-C6) -> 1000 | H6: =IF(OR(D6="",F6=""), "", F6-D6) -> 0 | I6: =IF(OR(G6="",H6=""), "", SQRT(G6^2+H6^2)) -> 1000 | J6: =IF(OR(I6="",I6=0), "", G6/I6) -> 1 | K6: =IF(OR(I6="",I6=0), "", H6/I6) -> 0 | L6: =IF(C17="","", 16) -> 16 | M6: =IF(C17="","", 120000) -> 120000 | N6: =IF(OR(I6="",I6=0,L6="",M6=""), 0, (L6*M6)/I6) -> 1920 | P6: 1 | Q6: 0 | R6: 0 | S6: Fijo | T6: =IF(Q6="","", IF(LEFT(UPPER(TRIM(S6)),4)="FIJO", 1, IF(OR(UPPER(TRIM(S6))="MOVIL X", UPPER(TRIM(S6))="MÓVIL X", UPPER(TRIM(S6))="RODILLO X"), 1, 0))) -> 1 | U6: =IF(Q6="","", IF(LEFT(UPPER(TRIM(S6)),4)="FIJO", 1, IF(OR(UPPER(TRIM(S6))="MOVIL Y", UPPER(TRIM(S6))="MÓVIL Y", UPPER(TRIM(S6))="RODILLO Y", UPPER(TRIM(S6))="MOVIL", UPPER(TRIM(S6))="MÓVIL"), 1, 0))) -> 1 | V6: 0 | W6: 0
B7: 2 | C7: =IF(C18="","", IFERROR(VLOOKUP(C18, $P$6:$W$11, 2, FALSE), "")) -> 0 | D7: =IF(C18="","", IFERROR(VLOOKUP(C18, $P$6:$W$11, 3, FALSE), "")) -> 0 | E7: =IF(F18="","", IFERROR(VLOOKUP(F18, $P$6:$W$11, 2, FALSE), "")) -> 200 | F7: =IF(F18="","", IFERROR(VLOOKUP(F18, $P$6:$W$11, 3, FALSE), "")) -> 400 | G7: =IF(OR(C7="",E7=""), "", E7-C7) -> 200 | H7: =IF(OR(D7="",F7=""), "", F7-D7) -> 400 | I7: =IF(OR(G7="",H7=""), "", SQRT(G7^2+H7^2)) -> 447.2136 | J7: =IF(OR(I7="",I7=0), "", G7/I7) -> 0.4472136 | K7: =IF(OR(I7="",I7=0), "", H7/I7) -> 0.89442719 | L7: =IF(C18="","", 16) -> 16 | M7: =IF(C18="","", 120000) -> 120000 | N7: =IF(OR(I7="",I7=0,L7="",M7=""), 0, (L7*M7)/I7) -> 4293.2505 | P7: 2 | Q7: 1000 | R7: 0 | S7: Móvil Y | T7: =IF(Q7="","", IF(LEFT(UPPER(TRIM(S7)),4)="FIJO", 1, IF(OR(UPPER(TRIM(S7))="MOVIL X", UPPER(TRIM(S7))="MÓVIL X", UPPER(TRIM(S7))="RODILLO X"), 1, 0))) -> 0 | U7: =IF(Q7="","", IF(LEFT(UPPER(TRIM(S7)),4)="FIJO", 1, IF(OR(UPPER(TRIM(S7))="MOVIL Y", UPPER(TRIM(S7))="MÓVIL Y", UPPER(TRIM(S7))="RODILLO Y", UPPER(TRIM(S7))="MOVIL", UPPER(TRIM(S7))="MÓVIL"), 1, 0))) -> 1 | V7: 0 | W7: 0
B8: 3 | C8: =IF(C19="","", IFERROR(VLOOKUP(C19, $P$6:$W$11, 2, FALSE), "")) -> 200 | D8: =IF(C19="","", IFERROR(VLOOKUP(C19, $P$6:$W$11, 3, FALSE), "")) -> 400 | E8: =IF(F19="","", IFERROR(VLOOKUP(F19, $P$6:$W$11, 2, FALSE), "")) -> 1000 | F8: =IF(F19="","", IFERROR(VLOOKUP(F19, $P$6:$W$11, 3, FALSE), "")) -> 0 | G8: =IF(OR(C8="",E8=""), "", E8-C8) -> 800 | H8: =IF(OR(D8="",F8=""), "", F8-D8) -> -400 | I8: =IF(OR(G8="",H8=""), "", SQRT(G8^2+H8^2)) -> 894.42719 | J8: =IF(OR(I8="",I8=0), "", G8/I8) -> 0.89442719 | K8: =IF(OR(I8="",I8=0), "", H8/I8) -> -0.4472136 | L8: =IF(C19="","", 16) -> 16 | M8: =IF(C19="","", 120000) -> 120000 | N8: =IF(OR(I8="",I8=0,L8="",M8=""), 0, (L8*M8)/I8) -> 2146.6253 | P8: 3 | Q8: 200 | R8: 400 | S8: Libre | T8: =IF(Q8="","", IF(LEFT(UPPER(TRIM(S8)),4)="FIJO", 1, IF(OR(UPPER(TRIM(S8))="MOVIL X", UPPER(TRIM(S8))="MÓVIL X", UPPER(TRIM(S8))="RODILLO X"), 1, 0))) -> 0 | U8: =IF(Q8="","", IF(LEFT(UPPER(TRIM(S8)),4)="FIJO", 1, IF(OR(UPPER(TRIM(S8))="MOVIL Y", UPPER(TRIM(S8))="MÓVIL Y", UPPER(TRIM(S8))="RODILLO Y", UPPER(TRIM(S8))="MOVIL", UPPER(TRIM(S8))="MÓVIL"), 1, 0))) -> 0 | V8: 7800 | W8: -7800
B9: 4 | C9: =IF(C20="","", IFERROR(VLOOKUP(C20, $P$6:$W$11, 2, FALSE), "")) -> 200 | D9: =IF(C20="","", IFERROR(VLOOKUP(C20, $P$6:$W$11, 3, FALSE), "")) -> 400 | E9: =IF(F20="","", IFERROR(VLOOKUP(F20, $P$6:$W$11, 2, FALSE), "")) -> 800 | F9: =IF(F20="","", IFERROR(VLOOKUP(F20, $P$6:$W$11, 3, FALSE), "")) -> 800 | G9: =IF(OR(C9="",E9=""), "", E9-C9) -> 600 | H9: =IF(OR(D9="",F9=""), "", F9-D9) -> 400 | I9: =IF(OR(G9="",H9=""), "", SQRT(G9^2+H9^2)) -> 721.11026 | J9: =IF(OR(I9="",I9=0), "", G9/I9) -> 0.83205029 | K9: =IF(OR(I9="",I9=0), "", H9/I9) -> 0.5547002 | L9: =IF(C20="","", 16) -> 16 | M9: =IF(C20="","", 120000) -> 120000 | N9: =IF(OR(I9="",I9=0,L9="",M9=""), 0, (L9*M9)/I9) -> 2662.5609 | P9: 4 | Q9: 800 | R9: 800 | S9: Libre | T9: =IF(Q9="","", IF(LEFT(UPPER(TRIM(S9)),4)="FIJO", 1, IF(OR(UPPER(TRIM(S9))="MOVIL X", UPPER(TRIM(S9))="MÓVIL X", UPPER(TRIM(S9))="RODILLO X"), 1, 0))) -> 0 | U9: =IF(Q9="","", IF(LEFT(UPPER(TRIM(S9)),4)="FIJO", 1, IF(OR(UPPER(TRIM(S9))="MOVIL Y", UPPER(TRIM(S9))="MÓVIL Y", UPPER(TRIM(S9))="RODILLO Y", UPPER(TRIM(S9))="MOVIL", UPPER(TRIM(S9))="MÓVIL"), 1, 0))) -> 0 | V9: 6000 | W9: -6000
B10: 5 | C10: =IF(C21="","", IFERROR(VLOOKUP(C21, $P$6:$W$11, 2, FALSE), "")) -> 800 | D10: =IF(C21="","", IFERROR(VLOOKUP(C21, $P$6:$W$11, 3, FALSE), "")) -> 800 | E10: =IF(F21="","", IFERROR(VLOOKUP(F21, $P$6:$W$11, 2, FALSE), "")) -> 1000 | F10: =IF(F21="","", IFERROR(VLOOKUP(F21, $P$6:$W$11, 3, FALSE), "")) -> 0 | G10: =IF(OR(C10="",E10=""), "", E10-C10) -> 200 | H10: =IF(OR(D10="",F10=""), "", F10-D10) -> -800 | I10: =IF(OR(G10="",H10=""), "", SQRT(G10^2+H10^2)) -> 824.62113 | J10: =IF(OR(I10="",I10=0), "", G10/I10) -> 0.24253563 | K10: =IF(OR(I10="",I10=0), "", H10/I10) -> -0.9701425 | L10: =IF(C21="","", 16) -> 16 | M10: =IF(C21="","", 120000) -> 120000 | N10: =IF(OR(I10="",I10=0,L10="",M10=""), 0, (L10*M10)/I10) -> 2328.342 | P10: 5 | T10: =IF(Q10="","", IF(LEFT(UPPER(TRIM(S10)),4)="FIJO", 1, IF(OR(UPPER(TRIM(S10))="MOVIL X", UPPER(TRIM(S10))="MÓVIL X", UPPER(TRIM(S10))="RODILLO X"), 1, 0))) | U10: =IF(Q10="","", IF(LEFT(UPPER(TRIM(S10)),4)="FIJO", 1, IF(OR(UPPER(TRIM(S10))="MOVIL Y", UPPER(TRIM(S10))="MÓVIL Y", UPPER(TRIM(S10))="RODILLO Y", UPPER(TRIM(S10))="MOVIL", UPPER(TRIM(S10))="MÓVIL"), 1, 0)))
B11: 6 | C11: =IF(C22="","", IFERROR(VLOOKUP(C22, $P$6:$W$11, 2, FALSE), "")) | D11: =IF(C22="","", IFERROR(VLOOKUP(C22, $P$6:$W$11, 3, FALSE), "")) | E11: =IF(F22="","", IFERROR(VLOOKUP(F22, $P$6:$W$11, 2, FALSE), "")) | F11: =IF(F22="","", IFERROR(VLOOKUP(F22, $P$6:$W$11, 3, FALSE), "")) | G11: =IF(OR(C11="",E11=""), "", E11-C11) | H11: =IF(OR(D11="",F11=""), "", F11-D11) | I11: =IF(OR(G11="",H11=""), "", SQRT(G11^2+H11^2)) | J11: =IF(OR(I11="",I11=0), "", G11/I11) | K11: =IF(OR(I11="",I11=0), "", H11/I11) | L11: =IF(C22="","", 10) | M11: =IF(C22="","", 2100000) | N11: =IF(OR(I11="",I11=0,L11="",M11=""), 0, (L11*M11)/I11) -> 0 | P11: 6 | T11: =IF(Q11="","", IF(LEFT(UPPER(TRIM(S11)),4)="FIJO", 1, IF(OR(UPPER(TRIM(S11))="MOVIL X", UPPER(TRIM(S11))="MÓVIL X", UPPER(TRIM(S11))="RODILLO X"), 1, 0))) | U11: =IF(Q11="","", IF(LEFT(UPPER(TRIM(S11)),4)="FIJO", 1, IF(OR(UPPER(TRIM(S11))="MOVIL Y", UPPER(TRIM(S11))="MÓVIL Y", UPPER(TRIM(S11))="RODILLO Y", UPPER(TRIM(S11))="MOVIL", UPPER(TRIM(S11))="MÓVIL"), 1, 0)))
B12: 7 | C12: =IF(C23="","", IFERROR(VLOOKUP(C23, $P$6:$W$11, 2, FALSE), "")) | D12: =IF(C23="","", IFERROR(VLOOKUP(C23, $P$6:$W$11, 3, FALSE), "")) | E12: =IF(F23="","", IFERROR(VLOOKUP(F23, $P$6:$W$11, 2, FALSE), "")) | F12: =IF(F23="","", IFERROR(VLOOKUP(F23, $P$6:$W$11, 3, FALSE), "")) | G12: =IF(OR(C12="",E12=""), "", E12-C12) | H12: =IF(OR(D12="",F12=""), "", F12-D12) | I12: =IF(OR(G12="",H12=""), "", SQRT(G12^2+H12^2)) | J12: =IF(OR(I12="",I12=0), "", G12/I12) | K12: =IF(OR(I12="",I12=0), "", H12/I12) | L12: =IF(C23="","", 10) | M12: =IF(C23="","", 2100000) | N12: =IF(OR(I12="",I12=0,L12="",M12=""), 0, (L12*M12)/I12) -> 0
B13: 8 | C13: =IF(C24="","", IFERROR(VLOOKUP(C24, $P$6:$W$11, 2, FALSE), "")) | D13: =IF(C24="","", IFERROR(VLOOKUP(C24, $P$6:$W$11, 3, FALSE), "")) | E13: =IF(F24="","", IFERROR(VLOOKUP(F24, $P$6:$W$11, 2, FALSE), "")) | F13: =IF(F24="","", IFERROR(VLOOKUP(F24, $P$6:$W$11, 3, FALSE), "")) | G13: =IF(OR(C13="",E13=""), "", E13-C13) | H13: =IF(OR(D13="",F13=""), "", F13-D13) | I13: =IF(OR(G13="",H13=""), "", SQRT(G13^2+H13^2)) | J13: =IF(OR(I13="",I13=0), "", G13/I13) | K13: =IF(OR(I13="",I13=0), "", H13/I13) | L13: =IF(C24="","", 10) | M13: =IF(C24="","", 2100000) | N13: =IF(OR(I13="",I13=0,L13="",M13=""), 0, (L13*M13)/I13) -> 0
B15: CONECTIVIDAD DE BARRAS Y GRADOS DE LIBERTAD ASOCIADOS:
B16: BARRA | C16: NUDO INICIO | D16: u_ini_x | E16: u_ini_y | F16: NUDO FIN | G16: u_fin_x | H16: u_fin_y | S16: Móvil Y
B17: 1 | C17: 1 | D17: =IF(C17="","", "U" & C17 & "X") -> U1X | E17: =IF(C17="","", "U" & C17 & "Y") -> U1Y | F17: 2 | G17: =IF(F17="","", "U" & F17 & "X") -> U2X | H17: =IF(F17="","", "U" & F17 & "Y") -> U2Y | S17: Fijo
B18: 2 | C18: 1 | D18: =IF(C18="","", "U" & C18 & "X") -> U1X | E18: =IF(C18="","", "U" & C18 & "Y") -> U1Y | F18: 3 | G18: =IF(F18="","", "U" & F18 & "X") -> U3X | H18: =IF(F18="","", "U" & F18 & "Y") -> U3Y | S18: Libre
B19: 3 | C19: 3 | D19: =IF(C19="","", "U" & C19 & "X") -> U3X | E19: =IF(C19="","", "U" & C19 & "Y") -> U3Y | F19: 2 | G19: =IF(F19="","", "U" & F19 & "X") -> U2X | H19: =IF(F19="","", "U" & F19 & "Y") -> U2Y | S19: Libre
B20: 4 | C20: 3 | D20: =IF(C20="","", "U" & C20 & "X") -> U3X | E20: =IF(C20="","", "U" & C20 & "Y") -> U3Y | F20: 4 | G20: =IF(F20="","", "U" & F20 & "X") -> U4X | H20: =IF(F20="","", "U" & F20 & "Y") -> U4Y | S20: Libre
B21: 5 | C21: 4 | D21: =IF(C21="","", "U" & C21 & "X") -> U4X | E21: =IF(C21="","", "U" & C21 & "Y") -> U4Y | F21: 2 | G21: =IF(F21="","", "U" & F21 & "X") -> U2X | H21: =IF(F21="","", "U" & F21 & "Y") -> U2Y | S21: Libre
B22: 6 | D22: =IF(C22="","", "U" & C22 & "X") | E22: =IF(C22="","", "U" & C22 & "Y") | G22: =IF(F22="","", "U" & F22 & "X") | H22: =IF(F22="","", "U" & F22 & "Y")
B23: 7 | D23: =IF(C23="","", "U" & C23 & "X") | E23: =IF(C23="","", "U" & C23 & "Y") | G23: =IF(F23="","", "U" & F23 & "X") | H23: =IF(F23="","", "U" & F23 & "Y")
B24: 8 | D24: =IF(C24="","", "U" & C24 & "X") | E24: =IF(C24="","", "U" & C24 & "Y") | G24: =IF(F24="","", "U" & F24 & "X") | H24: =IF(F24="","", "U" & F24 & "Y")
A27: k1= | B27: =IF(D17="","-",D17) -> U1X | C27: =IF(E17="","-",E17) -> U1Y | D27: =IF(G17="","-",G17) -> U2X | E27: =IF(H17="","-",H17) -> U2Y
B28: =IF(N6=0, 0, N6*J6*J6) -> 1920 | C28: =IF(N6=0, 0, N6*J6*K6) -> 0 | D28: =IF(N6=0, 0, -N6*J6*J6) -> -1920 | E28: =IF(N6=0, 0, -N6*J6*K6) -> 0 | F28: =IF(D17="","-",D17) -> U1X
B29: =IF(N6=0, 0, N6*J6*K6) -> 0 | C29: =IF(N6=0, 0, N6*K6*K6) -> 0 | D29: =IF(N6=0, 0, -N6*J6*K6) -> 0 | E29: =IF(N6=0, 0, -N6*K6*K6) -> 0 | F29: =IF(E17="","-",E17) -> U1Y
B30: =IF(N6=0, 0, -N6*J6*J6) -> -1920 | C30: =IF(N6=0, 0, -N6*J6*K6) -> 0 | D30: =IF(N6=0, 0, N6*J6*J6) -> 1920 | E30: =IF(N6=0, 0, N6*J6*K6) -> 0 | F30: =IF(G17="","-",G17) -> U2X
B31: =IF(N6=0, 0, -N6*J6*K6) -> 0 | C31: =IF(N6=0, 0, -N6*K6*K6) -> 0 | D31: =IF(N6=0, 0, N6*J6*K6) -> 0 | E31: =IF(N6=0, 0, N6*K6*K6) -> 0 | F31: =IF(H17="","-",H17) -> U2Y
B33: U1X | C33: U1Y | D33: U2X | E33: U2Y | F33: U3X | G33: U3Y | H33: U4X | I33: U4Y | J33: U5X | K33: U5Y | L33: U6X | M33: U6Y
B34: =IFERROR(INDEX($B$28:$E$31, MATCH($N34, $B$27:$E$27, 0), MATCH(B$33, $B$27:$E$27, 0)), 0) -> 1920 | C34: =IFERROR(INDEX($B$28:$E$31, MATCH($N34, $B$27:$E$27, 0), MATCH(C$33, $B$27:$E$27, 0)), 0) -> 0 | D34: =IFERROR(INDEX($B$28:$E$31, MATCH($N34, $B$27:$E$27, 0), MATCH(D$33, $B$27:$E$27, 0)), 0) -> -1920 | E34: =IFERROR(INDEX($B$28:$E$31, MATCH($N34, $B$27:$E$27, 0), MATCH(E$33, $B$27:$E$27, 0)), 0) -> 0 | F34: =IFERROR(INDEX($B$28:$E$31, MATCH($N34, $B$27:$E$27, 0), MATCH(F$33, $B$27:$E$27, 0)), 0) -> 0 | G34: =IFERROR(INDEX($B$28:$E$31, MATCH($N34, $B$27:$E$27, 0), MATCH(G$33, $B$27:$E$27, 0)), 0) -> 0 | H34: =IFERROR(INDEX($B$28:$E$31, MATCH($N34, $B$27:$E$27, 0), MATCH(H$33, $B$27:$E$27, 0)), 0) -> 0 | I34: =IFERROR(INDEX($B$28:$E$31, MATCH($N34, $B$27:$E$27, 0), MATCH(I$33, $B$27:$E$27, 0)), 0) -> 0 | ... M34: =IFERROR(INDEX($B$28:$E$31, MATCH($N34, $B$27:$E$27, 0), MATCH(M$33, $B$27:$E$27, 0)), 0) -> 0 | N34: U1X
B35: =IFERROR(INDEX($B$28:$E$31, MATCH($N35, $B$27:$E$27, 0), MATCH(B$33, $B$27:$E$27, 0)), 0) -> 0 | C35: =IFERROR(INDEX($B$28:$E$31, MATCH($N35, $B$27:$E$27, 0), MATCH(C$33, $B$27:$E$27, 0)), 0) -> 0 | D35: =IFERROR(INDEX($B$28:$E$31, MATCH($N35, $B$27:$E$27, 0), MATCH(D$33, $B$27:$E$27, 0)), 0) -> 0 | E35: =IFERROR(INDEX($B$28:$E$31, MATCH($N35, $B$27:$E$27, 0), MATCH(E$33, $B$27:$E$27, 0)), 0) -> 0 | F35: =IFERROR(INDEX($B$28:$E$31, MATCH($N35, $B$27:$E$27, 0), MATCH(F$33, $B$27:$E$27, 0)), 0) -> 0 | G35: =IFERROR(INDEX($B$28:$E$31, MATCH($N35, $B$27:$E$27, 0), MATCH(G$33, $B$27:$E$27, 0)), 0) -> 0 | H35: =IFERROR(INDEX($B$28:$E$31, MATCH($N35, $B$27:$E$27, 0), MATCH(H$33, $B$27:$E$27, 0)), 0) -> 0 | I35: =IFERROR(INDEX($B$28:$E$31, MATCH($N35, $B$27:$E$27, 0), MATCH(I$33, $B$27:$E$27, 0)), 0) -> 0 | ... M35: =IFERROR(INDEX($B$28:$E$31, MATCH($N35, $B$27:$E$27, 0), MATCH(M$33, $B$27:$E$27, 0)), 0) -> 0 | N35: U1Y
B36: =IFERROR(INDEX($B$28:$E$31, MATCH($N36, $B$27:$E$27, 0), MATCH(B$33, $B$27:$E$27, 0)), 0) -> -1920 | C36: =IFERROR(INDEX($B$28:$E$31, MATCH($N36, $B$27:$E$27, 0), MATCH(C$33, $B$27:$E$27, 0)), 0) -> 0 | D36: =IFERROR(INDEX($B$28:$E$31, MATCH($N36, $B$27:$E$27, 0), MATCH(D$33, $B$27:$E$27, 0)), 0) -> 1920 | E36: =IFERROR(INDEX($B$28:$E$31, MATCH($N36, $B$27:$E$27, 0), MATCH(E$33, $B$27:$E$27, 0)), 0) -> 0 | F36: =IFERROR(INDEX($B$28:$E$31, MATCH($N36, $B$27:$E$27, 0), MATCH(F$33, $B$27:$E$27, 0)), 0) -> 0 | G36: =IFERROR(INDEX($B$28:$E$31, MATCH($N36, $B$27:$E$27, 0), MATCH(G$33, $B$27:$E$27, 0)), 0) -> 0 | H36: =IFERROR(INDEX($B$28:$E$31, MATCH($N36, $B$27:$E$27, 0), MATCH(H$33, $B$27:$E$27, 0)), 0) -> 0 | I36: =IFERROR(INDEX($B$28:$E$31, MATCH($N36, $B$27:$E$27, 0), MATCH(I$33, $B$27:$E$27, 0)), 0) -> 0 | ... M36: =IFERROR(INDEX($B$28:$E$31, MATCH($N36, $B$27:$E$27, 0), MATCH(M$33, $B$27:$E$27, 0)), 0) -> 0 | N36: U2X
B37: =IFERROR(INDEX($B$28:$E$31, MATCH($N37, $B$27:$E$27, 0), MATCH(B$33, $B$27:$E$27, 0)), 0) -> 0 | C37: =IFERROR(INDEX($B$28:$E$31, MATCH($N37, $B$27:$E$27, 0), MATCH(C$33, $B$27:$E$27, 0)), 0) -> 0 | D37: =IFERROR(INDEX($B$28:$E$31, MATCH($N37, $B$27:$E$27, 0), MATCH(D$33, $B$27:$E$27, 0)), 0) -> 0 | E37: =IFERROR(INDEX($B$28:$E$31, MATCH($N37, $B$27:$E$27, 0), MATCH(E$33, $B$27:$E$27, 0)), 0) -> 0 | F37: =IFERROR(INDEX($B$28:$E$31, MATCH($N37, $B$27:$E$27, 0), MATCH(F$33, $B$27:$E$27, 0)), 0) -> 0 | G37: =IFERROR(INDEX($B$28:$E$31, MATCH($N37, $B$27:$E$27, 0), MATCH(G$33, $B$27:$E$27, 0)), 0) -> 0 | H37: =IFERROR(INDEX($B$28:$E$31, MATCH($N37, $B$27:$E$27, 0), MATCH(H$33, $B$27:$E$27, 0)), 0) -> 0 | I37: =IFERROR(INDEX($B$28:$E$31, MATCH($N37, $B$27:$E$27, 0), MATCH(I$33, $B$27:$E$27, 0)), 0) -> 0 | ... M37: =IFERROR(INDEX($B$28:$E$31, MATCH($N37, $B$27:$E$27, 0), MATCH(M$33, $B$27:$E$27, 0)), 0) -> 0 | N37: U2Y
B38: =IFERROR(INDEX($B$28:$E$31, MATCH($N38, $B$27:$E$27, 0), MATCH(B$33, $B$27:$E$27, 0)), 0) -> 0 | C38: =IFERROR(INDEX($B$28:$E$31, MATCH($N38, $B$27:$E$27, 0), MATCH(C$33, $B$27:$E$27, 0)), 0) -> 0 | D38: =IFERROR(INDEX($B$28:$E$31, MATCH($N38, $B$27:$E$27, 0), MATCH(D$33, $B$27:$E$27, 0)), 0) -> 0 | E38: =IFERROR(INDEX($B$28:$E$31, MATCH($N38, $B$27:$E$27, 0), MATCH(E$33, $B$27:$E$27, 0)), 0) -> 0 | F38: =IFERROR(INDEX($B$28:$E$31, MATCH($N38, $B$27:$E$27, 0), MATCH(F$33, $B$27:$E$27, 0)), 0) -> 0 | G38: =IFERROR(INDEX($B$28:$E$31, MATCH($N38, $B$27:$E$27, 0), MATCH(G$33, $B$27:$E$27, 0)), 0) -> 0 | H38: =IFERROR(INDEX($B$28:$E$31, MATCH($N38, $B$27:$E$27, 0), MATCH(H$33, $B$27:$E$27, 0)), 0) -> 0 | I38: =IFERROR(INDEX($B$28:$E$31, MATCH($N38, $B$27:$E$27, 0), MATCH(I$33, $B$27:$E$27, 0)), 0) -> 0 | ... M38: =IFERROR(INDEX($B$28:$E$31, MATCH($N38, $B$27:$E$27, 0), MATCH(M$33, $B$27:$E$27, 0)), 0) -> 0 | N38: U3X
A39: K1= | B39: =IFERROR(INDEX($B$28:$E$31, MATCH($N39, $B$27:$E$27, 0), MATCH(B$33, $B$27:$E$27, 0)), 0) -> 0 | C39: =IFERROR(INDEX($B$28:$E$31, MATCH($N39, $B$27:$E$27, 0), MATCH(C$33, $B$27:$E$27, 0)), 0) -> 0 | D39: =IFERROR(INDEX($B$28:$E$31, MATCH($N39, $B$27:$E$27, 0), MATCH(D$33, $B$27:$E$27, 0)), 0) -> 0 | E39: =IFERROR(INDEX($B$28:$E$31, MATCH($N39, $B$27:$E$27, 0), MATCH(E$33, $B$27:$E$27, 0)), 0) -> 0 | F39: =IFERROR(INDEX($B$28:$E$31, MATCH($N39, $B$27:$E$27, 0), MATCH(F$33, $B$27:$E$27, 0)), 0) -> 0 | G39: =IFERROR(INDEX($B$28:$E$31, MATCH($N39, $B$27:$E$27, 0), MATCH(G$33, $B$27:$E$27, 0)), 0) -> 0 | H39: =IFERROR(INDEX($B$28:$E$31, MATCH($N39, $B$27:$E$27, 0), MATCH(H$33, $B$27:$E$27, 0)), 0) -> 0 | I39: =IFERROR(INDEX($B$28:$E$31, MATCH($N39, $B$27:$E$27, 0), MATCH(I$33, $B$27:$E$27, 0)), 0) -> 0 | ... M39: =IFERROR(INDEX($B$28:$E$31, MATCH($N39, $B$27:$E$27, 0), MATCH(M$33, $B$27:$E$27, 0)), 0) -> 0 | N39: U3Y
B40: =IFERROR(INDEX($B$28:$E$31, MATCH($N40, $B$27:$E$27, 0), MATCH(B$33, $B$27:$E$27, 0)), 0) -> 0 | C40: =IFERROR(INDEX($B$28:$E$31, MATCH($N40, $B$27:$E$27, 0), MATCH(C$33, $B$27:$E$27, 0)), 0) -> 0 | D40: =IFERROR(INDEX($B$28:$E$31, MATCH($N40, $B$27:$E$27, 0), MATCH(D$33, $B$27:$E$27, 0)), 0) -> 0 | E40: =IFERROR(INDEX($B$28:$E$31, MATCH($N40, $B$27:$E$27, 0), MATCH(E$33, $B$27:$E$27, 0)), 0) -> 0 | F40: =IFERROR(INDEX($B$28:$E$31, MATCH($N40, $B$27:$E$27, 0), MATCH(F$33, $B$27:$E$27, 0)), 0) -> 0 | G40: =IFERROR(INDEX($B$28:$E$31, MATCH($N40, $B$27:$E$27, 0), MATCH(G$33, $B$27:$E$27, 0)), 0) -> 0 | H40: =IFERROR(INDEX($B$28:$E$31, MATCH($N40, $B$27:$E$27, 0), MATCH(H$33, $B$27:$E$27, 0)), 0) -> 0 | I40: =IFERROR(INDEX($B$28:$E$31, MATCH($N40, $B$27:$E$27, 0), MATCH(I$33, $B$27:$E$27, 0)), 0) -> 0 | ... M40: =IFERROR(INDEX($B$28:$E$31, MATCH($N40, $B$27:$E$27, 0), MATCH(M$33, $B$27:$E$27, 0)), 0) -> 0 | N40: U4X
B41: =IFERROR(INDEX($B$28:$E$31, MATCH($N41, $B$27:$E$27, 0), MATCH(B$33, $B$27:$E$27, 0)), 0) -> 0 | C41: =IFERROR(INDEX($B$28:$E$31, MATCH($N41, $B$27:$E$27, 0), MATCH(C$33, $B$27:$E$27, 0)), 0) -> 0 | D41: =IFERROR(INDEX($B$28:$E$31, MATCH($N41, $B$27:$E$27, 0), MATCH(D$33, $B$27:$E$27, 0)), 0) -> 0 | E41: =IFERROR(INDEX($B$28:$E$31, MATCH($N41, $B$27:$E$27, 0), MATCH(E$33, $B$27:$E$27, 0)), 0) -> 0 | F41: =IFERROR(INDEX($B$28:$E$31, MATCH($N41, $B$27:$E$27, 0), MATCH(F$33, $B$27:$E$27, 0)), 0) -> 0 | G41: =IFERROR(INDEX($B$28:$E$31, MATCH($N41, $B$27:$E$27, 0), MATCH(G$33, $B$27:$E$27, 0)), 0) -> 0 | H41: =IFERROR(INDEX($B$28:$E$31, MATCH($N41, $B$27:$E$27, 0), MATCH(H$33, $B$27:$E$27, 0)), 0) -> 0 | I41: =IFERROR(INDEX($B$28:$E$31, MATCH($N41, $B$27:$E$27, 0), MATCH(I$33, $B$27:$E$27, 0)), 0) -> 0 | ... M41: =IFERROR(INDEX($B$28:$E$31, MATCH($N41, $B$27:$E$27, 0), MATCH(M$33, $B$27:$E$27, 0)), 0) -> 0 | N41: U4Y
B42: =IFERROR(INDEX($B$28:$E$31, MATCH($N42, $B$27:$E$27, 0), MATCH(B$33, $B$27:$E$27, 0)), 0) -> 0 | C42: =IFERROR(INDEX($B$28:$E$31, MATCH($N42, $B$27:$E$27, 0), MATCH(C$33, $B$27:$E$27, 0)), 0) -> 0 | D42: =IFERROR(INDEX($B$28:$E$31, MATCH($N42, $B$27:$E$27, 0), MATCH(D$33, $B$27:$E$27, 0)), 0) -> 0 | E42: =IFERROR(INDEX($B$28:$E$31, MATCH($N42, $B$27:$E$27, 0), MATCH(E$33, $B$27:$E$27, 0)), 0) -> 0 | F42: =IFERROR(INDEX($B$28:$E$31, MATCH($N42, $B$27:$E$27, 0), MATCH(F$33, $B$27:$E$27, 0)), 0) -> 0 | G42: =IFERROR(INDEX($B$28:$E$31, MATCH($N42, $B$27:$E$27, 0), MATCH(G$33, $B$27:$E$27, 0)), 0) -> 0 | H42: =IFERROR(INDEX($B$28:$E$31, MATCH($N42, $B$27:$E$27, 0), MATCH(H$33, $B$27:$E$27, 0)), 0) -> 0 | I42: =IFERROR(INDEX($B$28:$E$31, MATCH($N42, $B$27:$E$27, 0), MATCH(I$33, $B$27:$E$27, 0)), 0) -> 0 | ... M42: =IFERROR(INDEX($B$28:$E$31, MATCH($N42, $B$27:$E$27, 0), MATCH(M$33, $B$27:$E$27, 0)), 0) -> 0 | N42: U5X
B43: =IFERROR(INDEX($B$28:$E$31, MATCH($N43, $B$27:$E$27, 0), MATCH(B$33, $B$27:$E$27, 0)), 0) -> 0 | C43: =IFERROR(INDEX($B$28:$E$31, MATCH($N43, $B$27:$E$27, 0), MATCH(C$33, $B$27:$E$27, 0)), 0) -> 0 | D43: =IFERROR(INDEX($B$28:$E$31, MATCH($N43, $B$27:$E$27, 0), MATCH(D$33, $B$27:$E$27, 0)), 0) -> 0 | E43: =IFERROR(INDEX($B$28:$E$31, MATCH($N43, $B$27:$E$27, 0), MATCH(E$33, $B$27:$E$27, 0)), 0) -> 0 | F43: =IFERROR(INDEX($B$28:$E$31, MATCH($N43, $B$27:$E$27, 0), MATCH(F$33, $B$27:$E$27, 0)), 0) -> 0 | G43: =IFERROR(INDEX($B$28:$E$31, MATCH($N43, $B$27:$E$27, 0), MATCH(G$33, $B$27:$E$27, 0)), 0) -> 0 | H43: =IFERROR(INDEX($B$28:$E$31, MATCH($N43, $B$27:$E$27, 0), MATCH(H$33, $B$27:$E$27, 0)), 0) -> 0 | I43: =IFERROR(INDEX($B$28:$E$31, MATCH($N43, $B$27:$E$27, 0), MATCH(I$33, $B$27:$E$27, 0)), 0) -> 0 | ... M43: =IFERROR(INDEX($B$28:$E$31, MATCH($N43, $B$27:$E$27, 0), MATCH(M$33, $B$27:$E$27, 0)), 0) -> 0 | N43: U5Y
B44: =IFERROR(INDEX($B$28:$E$31, MATCH($N44, $B$27:$E$27, 0), MATCH(B$33, $B$27:$E$27, 0)), 0) -> 0 | C44: =IFERROR(INDEX($B$28:$E$31, MATCH($N44, $B$27:$E$27, 0), MATCH(C$33, $B$27:$E$27, 0)), 0) -> 0 | D44: =IFERROR(INDEX($B$28:$E$31, MATCH($N44, $B$27:$E$27, 0), MATCH(D$33, $B$27:$E$27, 0)), 0) -> 0 | E44: =IFERROR(INDEX($B$28:$E$31, MATCH($N44, $B$27:$E$27, 0), MATCH(E$33, $B$27:$E$27, 0)), 0) -> 0 | F44: =IFERROR(INDEX($B$28:$E$31, MATCH($N44, $B$27:$E$27, 0), MATCH(F$33, $B$27:$E$27, 0)), 0) -> 0 | G44: =IFERROR(INDEX($B$28:$E$31, MATCH($N44, $B$27:$E$27, 0), MATCH(G$33, $B$27:$E$27, 0)), 0) -> 0 | H44: =IFERROR(INDEX($B$28:$E$31, MATCH($N44, $B$27:$E$27, 0), MATCH(H$33, $B$27:$E$27, 0)), 0) -> 0 | I44: =IFERROR(INDEX($B$28:$E$31, MATCH($N44, $B$27:$E$27, 0), MATCH(I$33, $B$27:$E$27, 0)), 0) -> 0 | ... M44: =IFERROR(INDEX($B$28:$E$31, MATCH($N44, $B$27:$E$27, 0), MATCH(M$33, $B$27:$E$27, 0)), 0) -> 0 | N44: U6X
B45: =IFERROR(INDEX($B$28:$E$31, MATCH($N45, $B$27:$E$27, 0), MATCH(B$33, $B$27:$E$27, 0)), 0) -> 0 | C45: =IFERROR(INDEX($B$28:$E$31, MATCH($N45, $B$27:$E$27, 0), MATCH(C$33, $B$27:$E$27, 0)), 0) -> 0 | D45: =IFERROR(INDEX($B$28:$E$31, MATCH($N45, $B$27:$E$27, 0), MATCH(D$33, $B$27:$E$27, 0)), 0) -> 0 | E45: =IFERROR(INDEX($B$28:$E$31, MATCH($N45, $B$27:$E$27, 0), MATCH(E$33, $B$27:$E$27, 0)), 0) -> 0 | F45: =IFERROR(INDEX($B$28:$E$31, MATCH($N45, $B$27:$E$27, 0), MATCH(F$33, $B$27:$E$27, 0)), 0) -> 0 | G45: =IFERROR(INDEX($B$28:$E$31, MATCH($N45, $B$27:$E$27, 0), MATCH(G$33, $B$27:$E$27, 0)), 0) -> 0 | H45: =IFERROR(INDEX($B$28:$E$31, MATCH($N45, $B$27:$E$27, 0), MATCH(H$33, $B$27:$E$27, 0)), 0) -> 0 | I45: =IFERROR(INDEX($B$28:$E$31, MATCH($N45, $B$27:$E$27, 0), MATCH(I$33, $B$27:$E$27, 0)), 0) -> 0 | ... M45: =IFERROR(INDEX($B$28:$E$31, MATCH($N45, $B$27:$E$27, 0), MATCH(M$33, $B$27:$E$27, 0)), 0) -> 0 | N45: U6Y
A48: k2= | B48: =IF(D18="","-",D18) -> U1X | C48: =IF(E18="","-",E18) -> U1Y | D48: =IF(G18="","-",G18) -> U3X | E48: =IF(H18="","-",H18) -> U3Y
B49: =IF(N7=0, 0, N7*J7*J7) -> 858.6501 | C49: =IF(N7=0, 0, N7*J7*K7) -> 1717.3002 | D49: =IF(N7=0, 0, -N7*J7*J7) -> -858.6501 | E49: =IF(N7=0, 0, -N7*J7*K7) -> -1717.3002 | F49: =IF(D18="","-",D18) -> U1X
B50: =IF(N7=0, 0, N7*J7*K7) -> 1717.3002 | C50: =IF(N7=0, 0, N7*K7*K7) -> 3434.6004 | D50: =IF(N7=0, 0, -N7*J7*K7) -> -1717.3002 | E50: =IF(N7=0, 0, -N7*K7*K7) -> -3434.6004 | F50: =IF(E18="","-",E18) -> U1Y
B51: =IF(N7=0, 0, -N7*J7*J7) -> -858.6501 | C51: =IF(N7=0, 0, -N7*J7*K7) -> -1717.3002 | D51: =IF(N7=0, 0, N7*J7*J7) -> 858.6501 | E51: =IF(N7=0, 0, N7*J7*K7) -> 1717.3002 | F51: =IF(G18="","-",G18) -> U3X
B52: =IF(N7=0, 0, -N7*J7*K7) -> -1717.3002 | C52: =IF(N7=0, 0, -N7*K7*K7) -> -3434.6004 | D52: =IF(N7=0, 0, N7*J7*K7) -> 1717.3002 | E52: =IF(N7=0, 0, N7*K7*K7) -> 3434.6004 | F52: =IF(H18="","-",H18) -> U3Y
B54: U1X | C54: U1Y | D54: U2X | E54: U2Y | F54: U3X | G54: U3Y | H54: U4X | I54: U4Y | J54: U5X | K54: U5Y | L54: U6X | M54: U6Y
B55: =IFERROR(INDEX($B$49:$E$52, MATCH($N55, $B$48:$E$48, 0), MATCH(B$54, $B$48:$E$48, 0)), 0) -> 858.6501 | C55: =IFERROR(INDEX($B$49:$E$52, MATCH($N55, $B$48:$E$48, 0), MATCH(C$54, $B$48:$E$48, 0)), 0) -> 1717.3002 | D55: =IFERROR(INDEX($B$49:$E$52, MATCH($N55, $B$48:$E$48, 0), MATCH(D$54, $B$48:$E$48, 0)), 0) -> 0 | E55: =IFERROR(INDEX($B$49:$E$52, MATCH($N55, $B$48:$E$48, 0), MATCH(E$54, $B$48:$E$48, 0)), 0) -> 0 | F55: =IFERROR(INDEX($B$49:$E$52, MATCH($N55, $B$48:$E$48, 0), MATCH(F$54, $B$48:$E$48, 0)), 0) -> -858.6501 | G55: =IFERROR(INDEX($B$49:$E$52, MATCH($N55, $B$48:$E$48, 0), MATCH(G$54, $B$48:$E$48, 0)), 0) -> -1717.3002 | H55: =IFERROR(INDEX($B$49:$E$52, MATCH($N55, $B$48:$E$48, 0), MATCH(H$54, $B$48:$E$48, 0)), 0) -> 0 | I55: =IFERROR(INDEX($B$49:$E$52, MATCH($N55, $B$48:$E$48, 0), MATCH(I$54, $B$48:$E$48, 0)), 0) -> 0 | ... M55: =IFERROR(INDEX($B$49:$E$52, MATCH($N55, $B$48:$E$48, 0), MATCH(M$54, $B$48:$E$48, 0)), 0) -> 0 | N55: U1X
B56: =IFERROR(INDEX($B$49:$E$52, MATCH($N56, $B$48:$E$48, 0), MATCH(B$54, $B$48:$E$48, 0)), 0) -> 1717.3002 | C56: =IFERROR(INDEX($B$49:$E$52, MATCH($N56, $B$48:$E$48, 0), MATCH(C$54, $B$48:$E$48, 0)), 0) -> 3434.6004 | D56: =IFERROR(INDEX($B$49:$E$52, MATCH($N56, $B$48:$E$48, 0), MATCH(D$54, $B$48:$E$48, 0)), 0) -> 0 | E56: =IFERROR(INDEX($B$49:$E$52, MATCH($N56, $B$48:$E$48, 0), MATCH(E$54, $B$48:$E$48, 0)), 0) -> 0 | F56: =IFERROR(INDEX($B$49:$E$52, MATCH($N56, $B$48:$E$48, 0), MATCH(F$54, $B$48:$E$48, 0)), 0) -> -1717.3002 | G56: =IFERROR(INDEX($B$49:$E$52, MATCH($N56, $B$48:$E$48, 0), MATCH(G$54, $B$48:$E$48, 0)), 0) -> -3434.6004 | H56: =IFERROR(INDEX($B$49:$E$52, MATCH($N56, $B$48:$E$48, 0), MATCH(H$54, $B$48:$E$48, 0)), 0) -> 0 | I56: =IFERROR(INDEX($B$49:$E$52, MATCH($N56, $B$48:$E$48, 0), MATCH(I$54, $B$48:$E$48, 0)), 0) -> 0 | ... M56: =IFERROR(INDEX($B$49:$E$52, MATCH($N56, $B$48:$E$48, 0), MATCH(M$54, $B$48:$E$48, 0)), 0) -> 0 | N56: U1Y
B57: =IFERROR(INDEX($B$49:$E$52, MATCH($N57, $B$48:$E$48, 0), MATCH(B$54, $B$48:$E$48, 0)), 0) -> 0 | C57: =IFERROR(INDEX($B$49:$E$52, MATCH($N57, $B$48:$E$48, 0), MATCH(C$54, $B$48:$E$48, 0)), 0) -> 0 | D57: =IFERROR(INDEX($B$49:$E$52, MATCH($N57, $B$48:$E$48, 0), MATCH(D$54, $B$48:$E$48, 0)), 0) -> 0 | E57: =IFERROR(INDEX($B$49:$E$52, MATCH($N57, $B$48:$E$48, 0), MATCH(E$54, $B$48:$E$48, 0)), 0) -> 0 | F57: =IFERROR(INDEX($B$49:$E$52, MATCH($N57, $B$48:$E$48, 0), MATCH(F$54, $B$48:$E$48, 0)), 0) -> 0 | G57: =IFERROR(INDEX($B$49:$E$52, MATCH($N57, $B$48:$E$48, 0), MATCH(G$54, $B$48:$E$48, 0)), 0) -> 0 | H57: =IFERROR(INDEX($B$49:$E$52, MATCH($N57, $B$48:$E$48, 0), MATCH(H$54, $B$48:$E$48, 0)), 0) -> 0 | I57: =IFERROR(INDEX($B$49:$E$52, MATCH($N57, $B$48:$E$48, 0), MATCH(I$54, $B$48:$E$48, 0)), 0) -> 0 | ... M57: =IFERROR(INDEX($B$49:$E$52, MATCH($N57, $B$48:$E$48, 0), MATCH(M$54, $B$48:$E$48, 0)), 0) -> 0 | N57: U2X
B58: =IFERROR(INDEX($B$49:$E$52, MATCH($N58, $B$48:$E$48, 0), MATCH(B$54, $B$48:$E$48, 0)), 0) -> 0 | C58: =IFERROR(INDEX($B$49:$E$52, MATCH($N58, $B$48:$E$48, 0), MATCH(C$54, $B$48:$E$48, 0)), 0) -> 0 | D58: =IFERROR(INDEX($B$49:$E$52, MATCH($N58, $B$48:$E$48, 0), MATCH(D$54, $B$48:$E$48, 0)), 0) -> 0 | E58: =IFERROR(INDEX($B$49:$E$52, MATCH($N58, $B$48:$E$48, 0), MATCH(E$54, $B$48:$E$48, 0)), 0) -> 0 | F58: =IFERROR(INDEX($B$49:$E$52, MATCH($N58, $B$48:$E$48, 0), MATCH(F$54, $B$48:$E$48, 0)), 0) -> 0 | G58: =IFERROR(INDEX($B$49:$E$52, MATCH($N58, $B$48:$E$48, 0), MATCH(G$54, $B$48:$E$48, 0)), 0) -> 0 | H58: =IFERROR(INDEX($B$49:$E$52, MATCH($N58, $B$48:$E$48, 0), MATCH(H$54, $B$48:$E$48, 0)), 0) -> 0 | I58: =IFERROR(INDEX($B$49:$E$52, MATCH($N58, $B$48:$E$48, 0), MATCH(I$54, $B$48:$E$48, 0)), 0) -> 0 | ... M58: =IFERROR(INDEX($B$49:$E$52, MATCH($N58, $B$48:$E$48, 0), MATCH(M$54, $B$48:$E$48, 0)), 0) -> 0 | N58: U2Y
B59: =IFERROR(INDEX($B$49:$E$52, MATCH($N59, $B$48:$E$48, 0), MATCH(B$54, $B$48:$E$48, 0)), 0) -> -858.6501 | C59: =IFERROR(INDEX($B$49:$E$52, MATCH($N59, $B$48:$E$48, 0), MATCH(C$54, $B$48:$E$48, 0)), 0) -> -1717.3002 | D59: =IFERROR(INDEX($B$49:$E$52, MATCH($N59, $B$48:$E$48, 0), MATCH(D$54, $B$48:$E$48, 0)), 0) -> 0 | E59: =IFERROR(INDEX($B$49:$E$52, MATCH($N59, $B$48:$E$48, 0), MATCH(E$54, $B$48:$E$48, 0)), 0) -> 0 | F59: =IFERROR(INDEX($B$49:$E$52, MATCH($N59, $B$48:$E$48, 0), MATCH(F$54, $B$48:$E$48, 0)), 0) -> 858.6501 | G59: =IFERROR(INDEX($B$49:$E$52, MATCH($N59, $B$48:$E$48, 0), MATCH(G$54, $B$48:$E$48, 0)), 0) -> 1717.3002 | H59: =IFERROR(INDEX($B$49:$E$52, MATCH($N59, $B$48:$E$48, 0), MATCH(H$54, $B$48:$E$48, 0)), 0) -> 0 | I59: =IFERROR(INDEX($B$49:$E$52, MATCH($N59, $B$48:$E$48, 0), MATCH(I$54, $B$48:$E$48, 0)), 0) -> 0 | ... M59: =IFERROR(INDEX($B$49:$E$52, MATCH($N59, $B$48:$E$48, 0), MATCH(M$54, $B$48:$E$48, 0)), 0) -> 0 | N59: U3X
A60: K2= | B60: =IFERROR(INDEX($B$49:$E$52, MATCH($N60, $B$48:$E$48, 0), MATCH(B$54, $B$48:$E$48, 0)), 0) -> -1717.3002 | C60: =IFERROR(INDEX($B$49:$E$52, MATCH($N60, $B$48:$E$48, 0), MATCH(C$54, $B$48:$E$48, 0)), 0) -> -3434.6004 | D60: =IFERROR(INDEX($B$49:$E$52, MATCH($N60, $B$48:$E$48, 0), MATCH(D$54, $B$48:$E$48, 0)), 0) -> 0 | E60: =IFERROR(INDEX($B$49:$E$52, MATCH($N60, $B$48:$E$48, 0), MATCH(E$54, $B$48:$E$48, 0)), 0) -> 0 | F60: =IFERROR(INDEX($B$49:$E$52, MATCH($N60, $B$48:$E$48, 0), MATCH(F$54, $B$48:$E$48, 0)), 0) -> 1717.3002 | G60: =IFERROR(INDEX($B$49:$E$52, MATCH($N60, $B$48:$E$48, 0), MATCH(G$54, $B$48:$E$48, 0)), 0) -> 3434.6004 | H60: =IFERROR(INDEX($B$49:$E$52, MATCH($N60, $B$48:$E$48, 0), MATCH(H$54, $B$48:$E$48, 0)), 0) -> 0 | I60: =IFERROR(INDEX($B$49:$E$52, MATCH($N60, $B$48:$E$48, 0), MATCH(I$54, $B$48:$E$48, 0)), 0) -> 0 | ... M60: =IFERROR(INDEX($B$49:$E$52, MATCH($N60, $B$48:$E$48, 0), MATCH(M$54, $B$48:$E$48, 0)), 0) -> 0 | N60: U3Y
B61: =IFERROR(INDEX($B$49:$E$52, MATCH($N61, $B$48:$E$48, 0), MATCH(B$54, $B$48:$E$48, 0)), 0) -> 0 | C61: =IFERROR(INDEX($B$49:$E$52, MATCH($N61, $B$48:$E$48, 0), MATCH(C$54, $B$48:$E$48, 0)), 0) -> 0 | D61: =IFERROR(INDEX($B$49:$E$52, MATCH($N61, $B$48:$E$48, 0), MATCH(D$54, $B$48:$E$48, 0)), 0) -> 0 | E61: =IFERROR(INDEX($B$49:$E$52, MATCH($N61, $B$48:$E$48, 0), MATCH(E$54, $B$48:$E$48, 0)), 0) -> 0 | F61: =IFERROR(INDEX($B$49:$E$52, MATCH($N61, $B$48:$E$48, 0), MATCH(F$54, $B$48:$E$48, 0)), 0) -> 0 | G61: =IFERROR(INDEX($B$49:$E$52, MATCH($N61, $B$48:$E$48, 0), MATCH(G$54, $B$48:$E$48, 0)), 0) -> 0 | H61: =IFERROR(INDEX($B$49:$E$52, MATCH($N61, $B$48:$E$48, 0), MATCH(H$54, $B$48:$E$48, 0)), 0) -> 0 | I61: =IFERROR(INDEX($B$49:$E$52, MATCH($N61, $B$48:$E$48, 0), MATCH(I$54, $B$48:$E$48, 0)), 0) -> 0 | ... M61: =IFERROR(INDEX($B$49:$E$52, MATCH($N61, $B$48:$E$48, 0), MATCH(M$54, $B$48:$E$48, 0)), 0) -> 0 | N61: U4X
B62: =IFERROR(INDEX($B$49:$E$52, MATCH($N62, $B$48:$E$48, 0), MATCH(B$54, $B$48:$E$48, 0)), 0) -> 0 | C62: =IFERROR(INDEX($B$49:$E$52, MATCH($N62, $B$48:$E$48, 0), MATCH(C$54, $B$48:$E$48, 0)), 0) -> 0 | D62: =IFERROR(INDEX($B$49:$E$52, MATCH($N62, $B$48:$E$48, 0), MATCH(D$54, $B$48:$E$48, 0)), 0) -> 0 | E62: =IFERROR(INDEX($B$49:$E$52, MATCH($N62, $B$48:$E$48, 0), MATCH(E$54, $B$48:$E$48, 0)), 0) -> 0 | F62: =IFERROR(INDEX($B$49:$E$52, MATCH($N62, $B$48:$E$48, 0), MATCH(F$54, $B$48:$E$48, 0)), 0) -> 0 | G62: =IFERROR(INDEX($B$49:$E$52, MATCH($N62, $B$48:$E$48, 0), MATCH(G$54, $B$48:$E$48, 0)), 0) -> 0 | H62: =IFERROR(INDEX($B$49:$E$52, MATCH($N62, $B$48:$E$48, 0), MATCH(H$54, $B$48:$E$48, 0)), 0) -> 0 | I62: =IFERROR(INDEX($B$49:$E$52, MATCH($N62, $B$48:$E$48, 0), MATCH(I$54, $B$48:$E$48, 0)), 0) -> 0 | ... M62: =IFERROR(INDEX($B$49:$E$52, MATCH($N62, $B$48:$E$48, 0), MATCH(M$54, $B$48:$E$48, 0)), 0) -> 0 | N62: U4Y
B63: =IFERROR(INDEX($B$49:$E$52, MATCH($N63, $B$48:$E$48, 0), MATCH(B$54, $B$48:$E$48, 0)), 0) -> 0 | C63: =IFERROR(INDEX($B$49:$E$52, MATCH($N63, $B$48:$E$48, 0), MATCH(C$54, $B$48:$E$48, 0)), 0) -> 0 | D63: =IFERROR(INDEX($B$49:$E$52, MATCH($N63, $B$48:$E$48, 0), MATCH(D$54, $B$48:$E$48, 0)), 0) -> 0 | E63: =IFERROR(INDEX($B$49:$E$52, MATCH($N63, $B$48:$E$48, 0), MATCH(E$54, $B$48:$E$48, 0)), 0) -> 0 | F63: =IFERROR(INDEX($B$49:$E$52, MATCH($N63, $B$48:$E$48, 0), MATCH(F$54, $B$48:$E$48, 0)), 0) -> 0 | G63: =IFERROR(INDEX($B$49:$E$52, MATCH($N63, $B$48:$E$48, 0), MATCH(G$54, $B$48:$E$48, 0)), 0) -> 0 | H63: =IFERROR(INDEX($B$49:$E$52, MATCH($N63, $B$48:$E$48, 0), MATCH(H$54, $B$48:$E$48, 0)), 0) -> 0 | I63: =IFERROR(INDEX($B$49:$E$52, MATCH($N63, $B$48:$E$48, 0), MATCH(I$54, $B$48:$E$48, 0)), 0) -> 0 | ... M63: =IFERROR(INDEX($B$49:$E$52, MATCH($N63, $B$48:$E$48, 0), MATCH(M$54, $B$48:$E$48, 0)), 0) -> 0 | N63: U5X
B64: =IFERROR(INDEX($B$49:$E$52, MATCH($N64, $B$48:$E$48, 0), MATCH(B$54, $B$48:$E$48, 0)), 0) -> 0 | C64: =IFERROR(INDEX($B$49:$E$52, MATCH($N64, $B$48:$E$48, 0), MATCH(C$54, $B$48:$E$48, 0)), 0) -> 0 | D64: =IFERROR(INDEX($B$49:$E$52, MATCH($N64, $B$48:$E$48, 0), MATCH(D$54, $B$48:$E$48, 0)), 0) -> 0 | E64: =IFERROR(INDEX($B$49:$E$52, MATCH($N64, $B$48:$E$48, 0), MATCH(E$54, $B$48:$E$48, 0)), 0) -> 0 | F64: =IFERROR(INDEX($B$49:$E$52, MATCH($N64, $B$48:$E$48, 0), MATCH(F$54, $B$48:$E$48, 0)), 0) -> 0 | G64: =IFERROR(INDEX($B$49:$E$52, MATCH($N64, $B$48:$E$48, 0), MATCH(G$54, $B$48:$E$48, 0)), 0) -> 0 | H64: =IFERROR(INDEX($B$49:$E$52, MATCH($N64, $B$48:$E$48, 0), MATCH(H$54, $B$48:$E$48, 0)), 0) -> 0 | I64: =IFERROR(INDEX($B$49:$E$52, MATCH($N64, $B$48:$E$48, 0), MATCH(I$54, $B$48:$E$48, 0)), 0) -> 0 | ... M64: =IFERROR(INDEX($B$49:$E$52, MATCH($N64, $B$48:$E$48, 0), MATCH(M$54, $B$48:$E$48, 0)), 0) -> 0 | N64: U5Y
B65: =IFERROR(INDEX($B$49:$E$52, MATCH($N65, $B$48:$E$48, 0), MATCH(B$54, $B$48:$E$48, 0)), 0) -> 0 | C65: =IFERROR(INDEX($B$49:$E$52, MATCH($N65, $B$48:$E$48, 0), MATCH(C$54, $B$48:$E$48, 0)), 0) -> 0 | D65: =IFERROR(INDEX($B$49:$E$52, MATCH($N65, $B$48:$E$48, 0), MATCH(D$54, $B$48:$E$48, 0)), 0) -> 0 | E65: =IFERROR(INDEX($B$49:$E$52, MATCH($N65, $B$48:$E$48, 0), MATCH(E$54, $B$48:$E$48, 0)), 0) -> 0 | F65: =IFERROR(INDEX($B$49:$E$52, MATCH($N65, $B$48:$E$48, 0), MATCH(F$54, $B$48:$E$48, 0)), 0) -> 0 | G65: =IFERROR(INDEX($B$49:$E$52, MATCH($N65, $B$48:$E$48, 0), MATCH(G$54, $B$48:$E$48, 0)), 0) -> 0 | H65: =IFERROR(INDEX($B$49:$E$52, MATCH($N65, $B$48:$E$48, 0), MATCH(H$54, $B$48:$E$48, 0)), 0) -> 0 | I65: =IFERROR(INDEX($B$49:$E$52, MATCH($N65, $B$48:$E$48, 0), MATCH(I$54, $B$48:$E$48, 0)), 0) -> 0 | ... M65: =IFERROR(INDEX($B$49:$E$52, MATCH($N65, $B$48:$E$48, 0), MATCH(M$54, $B$48:$E$48, 0)), 0) -> 0 | N65: U6X
B66: =IFERROR(INDEX($B$49:$E$52, MATCH($N66, $B$48:$E$48, 0), MATCH(B$54, $B$48:$E$48, 0)), 0) -> 0 | C66: =IFERROR(INDEX($B$49:$E$52, MATCH($N66, $B$48:$E$48, 0), MATCH(C$54, $B$48:$E$48, 0)), 0) -> 0 | D66: =IFERROR(INDEX($B$49:$E$52, MATCH($N66, $B$48:$E$48, 0), MATCH(D$54, $B$48:$E$48, 0)), 0) -> 0 | E66: =IFERROR(INDEX($B$49:$E$52, MATCH($N66, $B$48:$E$48, 0), MATCH(E$54, $B$48:$E$48, 0)), 0) -> 0 | F66: =IFERROR(INDEX($B$49:$E$52, MATCH($N66, $B$48:$E$48, 0), MATCH(F$54, $B$48:$E$48, 0)), 0) -> 0 | G66: =IFERROR(INDEX($B$49:$E$52, MATCH($N66, $B$48:$E$48, 0), MATCH(G$54, $B$48:$E$48, 0)), 0) -> 0 | H66: =IFERROR(INDEX($B$49:$E$52, MATCH($N66, $B$48:$E$48, 0), MATCH(H$54, $B$48:$E$48, 0)), 0) -> 0 | I66: =IFERROR(INDEX($B$49:$E$52, MATCH($N66, $B$48:$E$48, 0), MATCH(I$54, $B$48:$E$48, 0)), 0) -> 0 | ... M66: =IFERROR(INDEX($B$49:$E$52, MATCH($N66, $B$48:$E$48, 0), MATCH(M$54, $B$48:$E$48, 0)), 0) -> 0 | N66: U6Y
A69: k3= | B69: =IF(D19="","-",D19) -> U3X | C69: =IF(E19="","-",E19) -> U3Y | D69: =IF(G19="","-",G19) -> U2X | E69: =IF(H19="","-",H19) -> U2Y
B70: =IF(N8=0, 0, N8*J8*J8) -> 1717.3002 | C70: =IF(N8=0, 0, N8*J8*K8) -> -858.6501 | D70: =IF(N8=0, 0, -N8*J8*J8) -> -1717.3002 | E70: =IF(N8=0, 0, -N8*J8*K8) -> 858.6501 | F70: =IF(D19="","-",D19) -> U3X
B71: =IF(N8=0, 0, N8*J8*K8) -> -858.6501 | C71: =IF(N8=0, 0, N8*K8*K8) -> 429.32505 | D71: =IF(N8=0, 0, -N8*J8*K8) -> 858.6501 | E71: =IF(N8=0, 0, -N8*K8*K8) -> -429.32505 | F71: =IF(E19="","-",E19) -> U3Y
B72: =IF(N8=0, 0, -N8*J8*J8) -> -1717.3002 | C72: =IF(N8=0, 0, -N8*J8*K8) -> 858.6501 | D72: =IF(N8=0, 0, N8*J8*J8) -> 1717.3002 | E72: =IF(N8=0, 0, N8*J8*K8) -> -858.6501 | F72: =IF(G19="","-",G19) -> U2X
B73: =IF(N8=0, 0, -N8*J8*K8) -> 858.6501 | C73: =IF(N8=0, 0, -N8*K8*K8) -> -429.32505 | D73: =IF(N8=0, 0, N8*J8*K8) -> -858.6501 | E73: =IF(N8=0, 0, N8*K8*K8) -> 429.32505 | F73: =IF(H19="","-",H19) -> U2Y
B75: U1X | C75: U1Y | D75: U2X | E75: U2Y | F75: U3X | G75: U3Y | H75: U4X | I75: U4Y | J75: U5X | K75: U5Y | L75: U6X | M75: U6Y
B76: =IFERROR(INDEX($B$70:$E$73, MATCH($N76, $B$69:$E$69, 0), MATCH(B$75, $B$69:$E$69, 0)), 0) -> 0 | C76: =IFERROR(INDEX($B$70:$E$73, MATCH($N76, $B$69:$E$69, 0), MATCH(C$75, $B$69:$E$69, 0)), 0) -> 0 | D76: =IFERROR(INDEX($B$70:$E$73, MATCH($N76, $B$69:$E$69, 0), MATCH(D$75, $B$69:$E$69, 0)), 0) -> 0 | E76: =IFERROR(INDEX($B$70:$E$73, MATCH($N76, $B$69:$E$69, 0), MATCH(E$75, $B$69:$E$69, 0)), 0) -> 0 | F76: =IFERROR(INDEX($B$70:$E$73, MATCH($N76, $B$69:$E$69, 0), MATCH(F$75, $B$69:$E$69, 0)), 0) -> 0 | G76: =IFERROR(INDEX($B$70:$E$73, MATCH($N76, $B$69:$E$69, 0), MATCH(G$75, $B$69:$E$69, 0)), 0) -> 0 | H76: =IFERROR(INDEX($B$70:$E$73, MATCH($N76, $B$69:$E$69, 0), MATCH(H$75, $B$69:$E$69, 0)), 0) -> 0 | I76: =IFERROR(INDEX($B$70:$E$73, MATCH($N76, $B$69:$E$69, 0), MATCH(I$75, $B$69:$E$69, 0)), 0) -> 0 | ... M76: =IFERROR(INDEX($B$70:$E$73, MATCH($N76, $B$69:$E$69, 0), MATCH(M$75, $B$69:$E$69, 0)), 0) -> 0 | N76: U1X
B77: =IFERROR(INDEX($B$70:$E$73, MATCH($N77, $B$69:$E$69, 0), MATCH(B$75, $B$69:$E$69, 0)), 0) -> 0 | C77: =IFERROR(INDEX($B$70:$E$73, MATCH($N77, $B$69:$E$69, 0), MATCH(C$75, $B$69:$E$69, 0)), 0) -> 0 | D77: =IFERROR(INDEX($B$70:$E$73, MATCH($N77, $B$69:$E$69, 0), MATCH(D$75, $B$69:$E$69, 0)), 0) -> 0 | E77: =IFERROR(INDEX($B$70:$E$73, MATCH($N77, $B$69:$E$69, 0), MATCH(E$75, $B$69:$E$69, 0)), 0) -> 0 | F77: =IFERROR(INDEX($B$70:$E$73, MATCH($N77, $B$69:$E$69, 0), MATCH(F$75, $B$69:$E$69, 0)), 0) -> 0 | G77: =IFERROR(INDEX($B$70:$E$73, MATCH($N77, $B$69:$E$69, 0), MATCH(G$75, $B$69:$E$69, 0)), 0) -> 0 | H77: =IFERROR(INDEX($B$70:$E$73, MATCH($N77, $B$69:$E$69, 0), MATCH(H$75, $B$69:$E$69, 0)), 0) -> 0 | I77: =IFERROR(INDEX($B$70:$E$73, MATCH($N77, $B$69:$E$69, 0), MATCH(I$75, $B$69:$E$69, 0)), 0) -> 0 | ... M77: =IFERROR(INDEX($B$70:$E$73, MATCH($N77, $B$69:$E$69, 0), MATCH(M$75, $B$69:$E$69, 0)), 0) -> 0 | N77: U1Y
B78: =IFERROR(INDEX($B$70:$E$73, MATCH($N78, $B$69:$E$69, 0), MATCH(B$75, $B$69:$E$69, 0)), 0) -> 0 | C78: =IFERROR(INDEX($B$70:$E$73, MATCH($N78, $B$69:$E$69, 0), MATCH(C$75, $B$69:$E$69, 0)), 0) -> 0 | D78: =IFERROR(INDEX($B$70:$E$73, MATCH($N78, $B$69:$E$69, 0), MATCH(D$75, $B$69:$E$69, 0)), 0) -> 1717.3002 | E78: =IFERROR(INDEX($B$70:$E$73, MATCH($N78, $B$69:$E$69, 0), MATCH(E$75, $B$69:$E$69, 0)), 0) -> -858.6501 | F78: =IFERROR(INDEX($B$70:$E$73, MATCH($N78, $B$69:$E$69, 0), MATCH(F$75, $B$69:$E$69, 0)), 0) -> -1717.3002 | G78: =IFERROR(INDEX($B$70:$E$73, MATCH($N78, $B$69:$E$69, 0), MATCH(G$75, $B$69:$E$69, 0)), 0) -> 858.6501 | H78: =IFERROR(INDEX($B$70:$E$73, MATCH($N78, $B$69:$E$69, 0), MATCH(H$75, $B$69:$E$69, 0)), 0) -> 0 | I78: =IFERROR(INDEX($B$70:$E$73, MATCH($N78, $B$69:$E$69, 0), MATCH(I$75, $B$69:$E$69, 0)), 0) -> 0 | ... M78: =IFERROR(INDEX($B$70:$E$73, MATCH($N78, $B$69:$E$69, 0), MATCH(M$75, $B$69:$E$69, 0)), 0) -> 0 | N78: U2X
B79: =IFERROR(INDEX($B$70:$E$73, MATCH($N79, $B$69:$E$69, 0), MATCH(B$75, $B$69:$E$69, 0)), 0) -> 0 | C79: =IFERROR(INDEX($B$70:$E$73, MATCH($N79, $B$69:$E$69, 0), MATCH(C$75, $B$69:$E$69, 0)), 0) -> 0 | D79: =IFERROR(INDEX($B$70:$E$73, MATCH($N79, $B$69:$E$69, 0), MATCH(D$75, $B$69:$E$69, 0)), 0) -> -858.6501 | E79: =IFERROR(INDEX($B$70:$E$73, MATCH($N79, $B$69:$E$69, 0), MATCH(E$75, $B$69:$E$69, 0)), 0) -> 429.32505 | F79: =IFERROR(INDEX($B$70:$E$73, MATCH($N79, $B$69:$E$69, 0), MATCH(F$75, $B$69:$E$69, 0)), 0) -> 858.6501 | G79: =IFERROR(INDEX($B$70:$E$73, MATCH($N79, $B$69:$E$69, 0), MATCH(G$75, $B$69:$E$69, 0)), 0) -> -429.32505 | H79: =IFERROR(INDEX($B$70:$E$73, MATCH($N79, $B$69:$E$69, 0), MATCH(H$75, $B$69:$E$69, 0)), 0) -> 0 | I79: =IFERROR(INDEX($B$70:$E$73, MATCH($N79, $B$69:$E$69, 0), MATCH(I$75, $B$69:$E$69, 0)), 0) -> 0 | ... M79: =IFERROR(INDEX($B$70:$E$73, MATCH($N79, $B$69:$E$69, 0), MATCH(M$75, $B$69:$E$69, 0)), 0) -> 0 | N79: U2Y
B80: =IFERROR(INDEX($B$70:$E$73, MATCH($N80, $B$69:$E$69, 0), MATCH(B$75, $B$69:$E$69, 0)), 0) -> 0 | C80: =IFERROR(INDEX($B$70:$E$73, MATCH($N80, $B$69:$E$69, 0), MATCH(C$75, $B$69:$E$69, 0)), 0) -> 0 | D80: =IFERROR(INDEX($B$70:$E$73, MATCH($N80, $B$69:$E$69, 0), MATCH(D$75, $B$69:$E$69, 0)), 0) -> -1717.3002 | E80: =IFERROR(INDEX($B$70:$E$73, MATCH($N80, $B$69:$E$69, 0), MATCH(E$75, $B$69:$E$69, 0)), 0) -> 858.6501 | F80: =IFERROR(INDEX($B$70:$E$73, MATCH($N80, $B$69:$E$69, 0), MATCH(F$75, $B$69:$E$69, 0)), 0) -> 1717.3002 | G80: =IFERROR(INDEX($B$70:$E$73, MATCH($N80, $B$69:$E$69, 0), MATCH(G$75, $B$69:$E$69, 0)), 0) -> -858.6501 | H80: =IFERROR(INDEX($B$70:$E$73, MATCH($N80, $B$69:$E$69, 0), MATCH(H$75, $B$69:$E$69, 0)), 0) -> 0 | I80: =IFERROR(INDEX($B$70:$E$73, MATCH($N80, $B$69:$E$69, 0), MATCH(I$75, $B$69:$E$69, 0)), 0) -> 0 | ... M80: =IFERROR(INDEX($B$70:$E$73, MATCH($N80, $B$69:$E$69, 0), MATCH(M$75, $B$69:$E$69, 0)), 0) -> 0 | N80: U3X
A81: K3= | B81: =IFERROR(INDEX($B$70:$E$73, MATCH($N81, $B$69:$E$69, 0), MATCH(B$75, $B$69:$E$69, 0)), 0) -> 0 | C81: =IFERROR(INDEX($B$70:$E$73, MATCH($N81, $B$69:$E$69, 0), MATCH(C$75, $B$69:$E$69, 0)), 0) -> 0 | D81: =IFERROR(INDEX($B$70:$E$73, MATCH($N81, $B$69:$E$69, 0), MATCH(D$75, $B$69:$E$69, 0)), 0) -> 858.6501 | E81: =IFERROR(INDEX($B$70:$E$73, MATCH($N81, $B$69:$E$69, 0), MATCH(E$75, $B$69:$E$69, 0)), 0) -> -429.32505 | F81: =IFERROR(INDEX($B$70:$E$73, MATCH($N81, $B$69:$E$69, 0), MATCH(F$75, $B$69:$E$69, 0)), 0) -> -858.6501 | G81: =IFERROR(INDEX($B$70:$E$73, MATCH($N81, $B$69:$E$69, 0), MATCH(G$75, $B$69:$E$69, 0)), 0) -> 429.32505 | H81: =IFERROR(INDEX($B$70:$E$73, MATCH($N81, $B$69:$E$69, 0), MATCH(H$75, $B$69:$E$69, 0)), 0) -> 0 | I81: =IFERROR(INDEX($B$70:$E$73, MATCH($N81, $B$69:$E$69, 0), MATCH(I$75, $B$69:$E$69, 0)), 0) -> 0 | ... M81: =IFERROR(INDEX($B$70:$E$73, MATCH($N81, $B$69:$E$69, 0), MATCH(M$75, $B$69:$E$69, 0)), 0) -> 0 | N81: U3Y
B82: =IFERROR(INDEX($B$70:$E$73, MATCH($N82, $B$69:$E$69, 0), MATCH(B$75, $B$69:$E$69, 0)), 0) -> 0 | C82: =IFERROR(INDEX($B$70:$E$73, MATCH($N82, $B$69:$E$69, 0), MATCH(C$75, $B$69:$E$69, 0)), 0) -> 0 | D82: =IFERROR(INDEX($B$70:$E$73, MATCH($N82, $B$69:$E$69, 0), MATCH(D$75, $B$69:$E$69, 0)), 0) -> 0 | E82: =IFERROR(INDEX($B$70:$E$73, MATCH($N82, $B$69:$E$69, 0), MATCH(E$75, $B$69:$E$69, 0)), 0) -> 0 | F82: =IFERROR(INDEX($B$70:$E$73, MATCH($N82, $B$69:$E$69, 0), MATCH(F$75, $B$69:$E$69, 0)), 0) -> 0 | G82: =IFERROR(INDEX($B$70:$E$73, MATCH($N82, $B$69:$E$69, 0), MATCH(G$75, $B$69:$E$69, 0)), 0) -> 0 | H82: =IFERROR(INDEX($B$70:$E$73, MATCH($N82, $B$69:$E$69, 0), MATCH(H$75, $B$69:$E$69, 0)), 0) -> 0 | I82: =IFERROR(INDEX($B$70:$E$73, MATCH($N82, $B$69:$E$69, 0), MATCH(I$75, $B$69:$E$69, 0)), 0) -> 0 | ... M82: =IFERROR(INDEX($B$70:$E$73, MATCH($N82, $B$69:$E$69, 0), MATCH(M$75, $B$69:$E$69, 0)), 0) -> 0 | N82: U4X
B83: =IFERROR(INDEX($B$70:$E$73, MATCH($N83, $B$69:$E$69, 0), MATCH(B$75, $B$69:$E$69, 0)), 0) -> 0 | C83: =IFERROR(INDEX($B$70:$E$73, MATCH($N83, $B$69:$E$69, 0), MATCH(C$75, $B$69:$E$69, 0)), 0) -> 0 | D83: =IFERROR(INDEX($B$70:$E$73, MATCH($N83, $B$69:$E$69, 0), MATCH(D$75, $B$69:$E$69, 0)), 0) -> 0 | E83: =IFERROR(INDEX($B$70:$E$73, MATCH($N83, $B$69:$E$69, 0), MATCH(E$75, $B$69:$E$69, 0)), 0) -> 0 | F83: =IFERROR(INDEX($B$70:$E$73, MATCH($N83, $B$69:$E$69, 0), MATCH(F$75, $B$69:$E$69, 0)), 0) -> 0 | G83: =IFERROR(INDEX($B$70:$E$73, MATCH($N83, $B$69:$E$69, 0), MATCH(G$75, $B$69:$E$69, 0)), 0) -> 0 | H83: =IFERROR(INDEX($B$70:$E$73, MATCH($N83, $B$69:$E$69, 0), MATCH(H$75, $B$69:$E$69, 0)), 0) -> 0 | I83: =IFERROR(INDEX($B$70:$E$73, MATCH($N83, $B$69:$E$69, 0), MATCH(I$75, $B$69:$E$69, 0)), 0) -> 0 | ... M83: =IFERROR(INDEX($B$70:$E$73, MATCH($N83, $B$69:$E$69, 0), MATCH(M$75, $B$69:$E$69, 0)), 0) -> 0 | N83: U4Y
B84: =IFERROR(INDEX($B$70:$E$73, MATCH($N84, $B$69:$E$69, 0), MATCH(B$75, $B$69:$E$69, 0)), 0) -> 0 | C84: =IFERROR(INDEX($B$70:$E$73, MATCH($N84, $B$69:$E$69, 0), MATCH(C$75, $B$69:$E$69, 0)), 0) -> 0 | D84: =IFERROR(INDEX($B$70:$E$73, MATCH($N84, $B$69:$E$69, 0), MATCH(D$75, $B$69:$E$69, 0)), 0) -> 0 | E84: =IFERROR(INDEX($B$70:$E$73, MATCH($N84, $B$69:$E$69, 0), MATCH(E$75, $B$69:$E$69, 0)), 0) -> 0 | F84: =IFERROR(INDEX($B$70:$E$73, MATCH($N84, $B$69:$E$69, 0), MATCH(F$75, $B$69:$E$69, 0)), 0) -> 0 | G84: =IFERROR(INDEX($B$70:$E$73, MATCH($N84, $B$69:$E$69, 0), MATCH(G$75, $B$69:$E$69, 0)), 0) -> 0 | H84: =IFERROR(INDEX($B$70:$E$73, MATCH($N84, $B$69:$E$69, 0), MATCH(H$75, $B$69:$E$69, 0)), 0) -> 0 | I84: =IFERROR(INDEX($B$70:$E$73, MATCH($N84, $B$69:$E$69, 0), MATCH(I$75, $B$69:$E$69, 0)), 0) -> 0 | ... M84: =IFERROR(INDEX($B$70:$E$73, MATCH($N84, $B$69:$E$69, 0), MATCH(M$75, $B$69:$E$69, 0)), 0) -> 0 | N84: U5X
B85: =IFERROR(INDEX($B$70:$E$73, MATCH($N85, $B$69:$E$69, 0), MATCH(B$75, $B$69:$E$69, 0)), 0) -> 0 | C85: =IFERROR(INDEX($B$70:$E$73, MATCH($N85, $B$69:$E$69, 0), MATCH(C$75, $B$69:$E$69, 0)), 0) -> 0 | D85: =IFERROR(INDEX($B$70:$E$73, MATCH($N85, $B$69:$E$69, 0), MATCH(D$75, $B$69:$E$69, 0)), 0) -> 0 | E85: =IFERROR(INDEX($B$70:$E$73, MATCH($N85, $B$69:$E$69, 0), MATCH(E$75, $B$69:$E$69, 0)), 0) -> 0 | F85: =IFERROR(INDEX($B$70:$E$73, MATCH($N85, $B$69:$E$69, 0), MATCH(F$75, $B$69:$E$69, 0)), 0) -> 0 | G85: =IFERROR(INDEX($B$70:$E$73, MATCH($N85, $B$69:$E$69, 0), MATCH(G$75, $B$69:$E$69, 0)), 0) -> 0 | H85: =IFERROR(INDEX($B$70:$E$73, MATCH($N85, $B$69:$E$69, 0), MATCH(H$75, $B$69:$E$69, 0)), 0) -> 0 | I85: =IFERROR(INDEX($B$70:$E$73, MATCH($N85, $B$69:$E$69, 0), MATCH(I$75, $B$69:$E$69, 0)), 0) -> 0 | ... M85: =IFERROR(INDEX($B$70:$E$73, MATCH($N85, $B$69:$E$69, 0), MATCH(M$75, $B$69:$E$69, 0)), 0) -> 0 | N85: U5Y
B86: =IFERROR(INDEX($B$70:$E$73, MATCH($N86, $B$69:$E$69, 0), MATCH(B$75, $B$69:$E$69, 0)), 0) -> 0 | C86: =IFERROR(INDEX($B$70:$E$73, MATCH($N86, $B$69:$E$69, 0), MATCH(C$75, $B$69:$E$69, 0)), 0) -> 0 | D86: =IFERROR(INDEX($B$70:$E$73, MATCH($N86, $B$69:$E$69, 0), MATCH(D$75, $B$69:$E$69, 0)), 0) -> 0 | E86: =IFERROR(INDEX($B$70:$E$73, MATCH($N86, $B$69:$E$69, 0), MATCH(E$75, $B$69:$E$69, 0)), 0) -> 0 | F86: =IFERROR(INDEX($B$70:$E$73, MATCH($N86, $B$69:$E$69, 0), MATCH(F$75, $B$69:$E$69, 0)), 0) -> 0 | G86: =IFERROR(INDEX($B$70:$E$73, MATCH($N86, $B$69:$E$69, 0), MATCH(G$75, $B$69:$E$69, 0)), 0) -> 0 | H86: =IFERROR(INDEX($B$70:$E$73, MATCH($N86, $B$69:$E$69, 0), MATCH(H$75, $B$69:$E$69, 0)), 0) -> 0 | I86: =IFERROR(INDEX($B$70:$E$73, MATCH($N86, $B$69:$E$69, 0), MATCH(I$75, $B$69:$E$69, 0)), 0) -> 0 | ... M86: =IFERROR(INDEX($B$70:$E$73, MATCH($N86, $B$69:$E$69, 0), MATCH(M$75, $B$69:$E$69, 0)), 0) -> 0 | N86: U6X
B87: =IFERROR(INDEX($B$70:$E$73, MATCH($N87, $B$69:$E$69, 0), MATCH(B$75, $B$69:$E$69, 0)), 0) -> 0 | C87: =IFERROR(INDEX($B$70:$E$73, MATCH($N87, $B$69:$E$69, 0), MATCH(C$75, $B$69:$E$69, 0)), 0) -> 0 | D87: =IFERROR(INDEX($B$70:$E$73, MATCH($N87, $B$69:$E$69, 0), MATCH(D$75, $B$69:$E$69, 0)), 0) -> 0 | E87: =IFERROR(INDEX($B$70:$E$73, MATCH($N87, $B$69:$E$69, 0), MATCH(E$75, $B$69:$E$69, 0)), 0) -> 0 | F87: =IFERROR(INDEX($B$70:$E$73, MATCH($N87, $B$69:$E$69, 0), MATCH(F$75, $B$69:$E$69, 0)), 0) -> 0 | G87: =IFERROR(INDEX($B$70:$E$73, MATCH($N87, $B$69:$E$69, 0), MATCH(G$75, $B$69:$E$69, 0)), 0) -> 0 | H87: =IFERROR(INDEX($B$70:$E$73, MATCH($N87, $B$69:$E$69, 0), MATCH(H$75, $B$69:$E$69, 0)), 0) -> 0 | I87: =IFERROR(INDEX($B$70:$E$73, MATCH($N87, $B$69:$E$69, 0), MATCH(I$75, $B$69:$E$69, 0)), 0) -> 0 | ... M87: =IFERROR(INDEX($B$70:$E$73, MATCH($N87, $B$69:$E$69, 0), MATCH(M$75, $B$69:$E$69, 0)), 0) -> 0 | N87: U6Y
A90: k4= | B90: =IF(D20="","-",D20) -> U3X | C90: =IF(E20="","-",E20) -> U3Y | D90: =IF(G20="","-",G20) -> U4X | E90: =IF(H20="","-",H20) -> U4Y
B91: =IF(N9=0, 0, N9*J9*J9) -> 1843.3114 | C91: =IF(N9=0, 0, N9*J9*K9) -> 1228.8743 | D91: =IF(N9=0, 0, -N9*J9*J9) -> -1843.3114 | E91: =IF(N9=0, 0, -N9*J9*K9) -> -1228.8743 | F91: =IF(D20="","-",D20) -> U3X
B92: =IF(N9=0, 0, N9*J9*K9) -> 1228.8743 | C92: =IF(N9=0, 0, N9*K9*K9) -> 819.24952 | D92: =IF(N9=0, 0, -N9*J9*K9) -> -1228.8743 | E92: =IF(N9=0, 0, -N9*K9*K9) -> -819.24952 | F92: =IF(E20="","-",E20) -> U3Y
B93: =IF(N9=0, 0, -N9*J9*J9) -> -1843.3114 | C93: =IF(N9=0, 0, -N9*J9*K9) -> -1228.8743 | D93: =IF(N9=0, 0, N9*J9*J9) -> 1843.3114 | E93: =IF(N9=0, 0, N9*J9*K9) -> 1228.8743 | F93: =IF(G20="","-",G20) -> U4X
B94: =IF(N9=0, 0, -N9*J9*K9) -> -1228.8743 | C94: =IF(N9=0, 0, -N9*K9*K9) -> -819.24952 | D94: =IF(N9=0, 0, N9*J9*K9) -> 1228.8743 | E94: =IF(N9=0, 0, N9*K9*K9) -> 819.24952 | F94: =IF(H20="","-",H20) -> U4Y
B96: U1X | C96: U1Y | D96: U2X | E96: U2Y | F96: U3X | G96: U3Y | H96: U4X | I96: U4Y | J96: U5X | K96: U5Y | L96: U6X | M96: U6Y
B97: =IFERROR(INDEX($B$91:$E$94, MATCH($N97, $B$90:$E$90, 0), MATCH(B$96, $B$90:$E$90, 0)), 0) -> 0 | C97: =IFERROR(INDEX($B$91:$E$94, MATCH($N97, $B$90:$E$90, 0), MATCH(C$96, $B$90:$E$90, 0)), 0) -> 0 | D97: =IFERROR(INDEX($B$91:$E$94, MATCH($N97, $B$90:$E$90, 0), MATCH(D$96, $B$90:$E$90, 0)), 0) -> 0 | E97: =IFERROR(INDEX($B$91:$E$94, MATCH($N97, $B$90:$E$90, 0), MATCH(E$96, $B$90:$E$90, 0)), 0) -> 0 | F97: =IFERROR(INDEX($B$91:$E$94, MATCH($N97, $B$90:$E$90, 0), MATCH(F$96, $B$90:$E$90, 0)), 0) -> 0 | G97: =IFERROR(INDEX($B$91:$E$94, MATCH($N97, $B$90:$E$90, 0), MATCH(G$96, $B$90:$E$90, 0)), 0) -> 0 | H97: =IFERROR(INDEX($B$91:$E$94, MATCH($N97, $B$90:$E$90, 0), MATCH(H$96, $B$90:$E$90, 0)), 0) -> 0 | I97: =IFERROR(INDEX($B$91:$E$94, MATCH($N97, $B$90:$E$90, 0), MATCH(I$96, $B$90:$E$90, 0)), 0) -> 0 | ... M97: =IFERROR(INDEX($B$91:$E$94, MATCH($N97, $B$90:$E$90, 0), MATCH(M$96, $B$90:$E$90, 0)), 0) -> 0 | N97: U1X
B98: =IFERROR(INDEX($B$91:$E$94, MATCH($N98, $B$90:$E$90, 0), MATCH(B$96, $B$90:$E$90, 0)), 0) -> 0 | C98: =IFERROR(INDEX($B$91:$E$94, MATCH($N98, $B$90:$E$90, 0), MATCH(C$96, $B$90:$E$90, 0)), 0) -> 0 | D98: =IFERROR(INDEX($B$91:$E$94, MATCH($N98, $B$90:$E$90, 0), MATCH(D$96, $B$90:$E$90, 0)), 0) -> 0 | E98: =IFERROR(INDEX($B$91:$E$94, MATCH($N98, $B$90:$E$90, 0), MATCH(E$96, $B$90:$E$90, 0)), 0) -> 0 | F98: =IFERROR(INDEX($B$91:$E$94, MATCH($N98, $B$90:$E$90, 0), MATCH(F$96, $B$90:$E$90, 0)), 0) -> 0 | G98: =IFERROR(INDEX($B$91:$E$94, MATCH($N98, $B$90:$E$90, 0), MATCH(G$96, $B$90:$E$90, 0)), 0) -> 0 | H98: =IFERROR(INDEX($B$91:$E$94, MATCH($N98, $B$90:$E$90, 0), MATCH(H$96, $B$90:$E$90, 0)), 0) -> 0 | I98: =IFERROR(INDEX($B$91:$E$94, MATCH($N98, $B$90:$E$90, 0), MATCH(I$96, $B$90:$E$90, 0)), 0) -> 0 | ... M98: =IFERROR(INDEX($B$91:$E$94, MATCH($N98, $B$90:$E$90, 0), MATCH(M$96, $B$90:$E$90, 0)), 0) -> 0 | N98: U1Y
B99: =IFERROR(INDEX($B$91:$E$94, MATCH($N99, $B$90:$E$90, 0), MATCH(B$96, $B$90:$E$90, 0)), 0) -> 0 | C99: =IFERROR(INDEX($B$91:$E$94, MATCH($N99, $B$90:$E$90, 0), MATCH(C$96, $B$90:$E$90, 0)), 0) -> 0 | D99: =IFERROR(INDEX($B$91:$E$94, MATCH($N99, $B$90:$E$90, 0), MATCH(D$96, $B$90:$E$90, 0)), 0) -> 0 | E99: =IFERROR(INDEX($B$91:$E$94, MATCH($N99, $B$90:$E$90, 0), MATCH(E$96, $B$90:$E$90, 0)), 0) -> 0 | F99: =IFERROR(INDEX($B$91:$E$94, MATCH($N99, $B$90:$E$90, 0), MATCH(F$96, $B$90:$E$90, 0)), 0) -> 0 | G99: =IFERROR(INDEX($B$91:$E$94, MATCH($N99, $B$90:$E$90, 0), MATCH(G$96, $B$90:$E$90, 0)), 0) -> 0 | H99: =IFERROR(INDEX($B$91:$E$94, MATCH($N99, $B$90:$E$90, 0), MATCH(H$96, $B$90:$E$90, 0)), 0) -> 0 | I99: =IFERROR(INDEX($B$91:$E$94, MATCH($N99, $B$90:$E$90, 0), MATCH(I$96, $B$90:$E$90, 0)), 0) -> 0 | ... M99: =IFERROR(INDEX($B$91:$E$94, MATCH($N99, $B$90:$E$90, 0), MATCH(M$96, $B$90:$E$90, 0)), 0) -> 0 | N99: U2X
B100: =IFERROR(INDEX($B$91:$E$94, MATCH($N100, $B$90:$E$90, 0), MATCH(B$96, $B$90:$E$90, 0)), 0) -> 0 | C100: =IFERROR(INDEX($B$91:$E$94, MATCH($N100, $B$90:$E$90, 0), MATCH(C$96, $B$90:$E$90, 0)), 0) -> 0 | D100: =IFERROR(INDEX($B$91:$E$94, MATCH($N100, $B$90:$E$90, 0), MATCH(D$96, $B$90:$E$90, 0)), 0) -> 0 | E100: =IFERROR(INDEX($B$91:$E$94, MATCH($N100, $B$90:$E$90, 0), MATCH(E$96, $B$90:$E$90, 0)), 0) -> 0 | F100: =IFERROR(INDEX($B$91:$E$94, MATCH($N100, $B$90:$E$90, 0), MATCH(F$96, $B$90:$E$90, 0)), 0) -> 0 | G100: =IFERROR(INDEX($B$91:$E$94, MATCH($N100, $B$90:$E$90, 0), MATCH(G$96, $B$90:$E$90, 0)), 0) -> 0 | H100: =IFERROR(INDEX($B$91:$E$94, MATCH($N100, $B$90:$E$90, 0), MATCH(H$96, $B$90:$E$90, 0)), 0) -> 0 | I100: =IFERROR(INDEX($B$91:$E$94, MATCH($N100, $B$90:$E$90, 0), MATCH(I$96, $B$90:$E$90, 0)), 0) -> 0 | ... M100: =IFERROR(INDEX($B$91:$E$94, MATCH($N100, $B$90:$E$90, 0), MATCH(M$96, $B$90:$E$90, 0)), 0) -> 0 | N100: U2Y
B101: =IFERROR(INDEX($B$91:$E$94, MATCH($N101, $B$90:$E$90, 0), MATCH(B$96, $B$90:$E$90, 0)), 0) -> 0 | C101: =IFERROR(INDEX($B$91:$E$94, MATCH($N101, $B$90:$E$90, 0), MATCH(C$96, $B$90:$E$90, 0)), 0) -> 0 | D101: =IFERROR(INDEX($B$91:$E$94, MATCH($N101, $B$90:$E$90, 0), MATCH(D$96, $B$90:$E$90, 0)), 0) -> 0 | E101: =IFERROR(INDEX($B$91:$E$94, MATCH($N101, $B$90:$E$90, 0), MATCH(E$96, $B$90:$E$90, 0)), 0) -> 0 | F101: =IFERROR(INDEX($B$91:$E$94, MATCH($N101, $B$90:$E$90, 0), MATCH(F$96, $B$90:$E$90, 0)), 0) -> 1843.3114 | G101: =IFERROR(INDEX($B$91:$E$94, MATCH($N101, $B$90:$E$90, 0), MATCH(G$96, $B$90:$E$90, 0)), 0) -> 1228.8743 | H101: =IFERROR(INDEX($B$91:$E$94, MATCH($N101, $B$90:$E$90, 0), MATCH(H$96, $B$90:$E$90, 0)), 0) -> -1843.3114 | I101: =IFERROR(INDEX($B$91:$E$94, MATCH($N101, $B$90:$E$90, 0), MATCH(I$96, $B$90:$E$90, 0)), 0) -> -1228.8743 | ... M101: =IFERROR(INDEX($B$91:$E$94, MATCH($N101, $B$90:$E$90, 0), MATCH(M$96, $B$90:$E$90, 0)), 0) -> 0 | N101: U3X
A102: K4= | B102: =IFERROR(INDEX($B$91:$E$94, MATCH($N102, $B$90:$E$90, 0), MATCH(B$96, $B$90:$E$90, 0)), 0) -> 0 | C102: =IFERROR(INDEX($B$91:$E$94, MATCH($N102, $B$90:$E$90, 0), MATCH(C$96, $B$90:$E$90, 0)), 0) -> 0 | D102: =IFERROR(INDEX($B$91:$E$94, MATCH($N102, $B$90:$E$90, 0), MATCH(D$96, $B$90:$E$90, 0)), 0) -> 0 | E102: =IFERROR(INDEX($B$91:$E$94, MATCH($N102, $B$90:$E$90, 0), MATCH(E$96, $B$90:$E$90, 0)), 0) -> 0 | F102: =IFERROR(INDEX($B$91:$E$94, MATCH($N102, $B$90:$E$90, 0), MATCH(F$96, $B$90:$E$90, 0)), 0) -> 1228.8743 | G102: =IFERROR(INDEX($B$91:$E$94, MATCH($N102, $B$90:$E$90, 0), MATCH(G$96, $B$90:$E$90, 0)), 0) -> 819.24952 | H102: =IFERROR(INDEX($B$91:$E$94, MATCH($N102, $B$90:$E$90, 0), MATCH(H$96, $B$90:$E$90, 0)), 0) -> -1228.8743 | I102: =IFERROR(INDEX($B$91:$E$94, MATCH($N102, $B$90:$E$90, 0), MATCH(I$96, $B$90:$E$90, 0)), 0) -> -819.24952 | ... M102: =IFERROR(INDEX($B$91:$E$94, MATCH($N102, $B$90:$E$90, 0), MATCH(M$96, $B$90:$E$90, 0)), 0) -> 0 | N102: U3Y
B103: =IFERROR(INDEX($B$91:$E$94, MATCH($N103, $B$90:$E$90, 0), MATCH(B$96, $B$90:$E$90, 0)), 0) -> 0 | C103: =IFERROR(INDEX($B$91:$E$94, MATCH($N103, $B$90:$E$90, 0), MATCH(C$96, $B$90:$E$90, 0)), 0) -> 0 | D103: =IFERROR(INDEX($B$91:$E$94, MATCH($N103, $B$90:$E$90, 0), MATCH(D$96, $B$90:$E$90, 0)), 0) -> 0 | E103: =IFERROR(INDEX($B$91:$E$94, MATCH($N103, $B$90:$E$90, 0), MATCH(E$96, $B$90:$E$90, 0)), 0) -> 0 | F103: =IFERROR(INDEX($B$91:$E$94, MATCH($N103, $B$90:$E$90, 0), MATCH(F$96, $B$90:$E$90, 0)), 0) -> -1843.3114 | G103: =IFERROR(INDEX($B$91:$E$94, MATCH($N103, $B$90:$E$90, 0), MATCH(G$96, $B$90:$E$90, 0)), 0) -> -1228.8743 | H103: =IFERROR(INDEX($B$91:$E$94, MATCH($N103, $B$90:$E$90, 0), MATCH(H$96, $B$90:$E$90, 0)), 0) -> 1843.3114 | I103: =IFERROR(INDEX($B$91:$E$94, MATCH($N103, $B$90:$E$90, 0), MATCH(I$96, $B$90:$E$90, 0)), 0) -> 1228.8743 | ... M103: =IFERROR(INDEX($B$91:$E$94, MATCH($N103, $B$90:$E$90, 0), MATCH(M$96, $B$90:$E$90, 0)), 0) -> 0 | N103: U4X
B104: =IFERROR(INDEX($B$91:$E$94, MATCH($N104, $B$90:$E$90, 0), MATCH(B$96, $B$90:$E$90, 0)), 0) -> 0 | C104: =IFERROR(INDEX($B$91:$E$94, MATCH($N104, $B$90:$E$90, 0), MATCH(C$96, $B$90:$E$90, 0)), 0) -> 0 | D104: =IFERROR(INDEX($B$91:$E$94, MATCH($N104, $B$90:$E$90, 0), MATCH(D$96, $B$90:$E$90, 0)), 0) -> 0 | E104: =IFERROR(INDEX($B$91:$E$94, MATCH($N104, $B$90:$E$90, 0), MATCH(E$96, $B$90:$E$90, 0)), 0) -> 0 | F104: =IFERROR(INDEX($B$91:$E$94, MATCH($N104, $B$90:$E$90, 0), MATCH(F$96, $B$90:$E$90, 0)), 0) -> -1228.8743 | G104: =IFERROR(INDEX($B$91:$E$94, MATCH($N104, $B$90:$E$90, 0), MATCH(G$96, $B$90:$E$90, 0)), 0) -> -819.24952 | H104: =IFERROR(INDEX($B$91:$E$94, MATCH($N104, $B$90:$E$90, 0), MATCH(H$96, $B$90:$E$90, 0)), 0) -> 1228.8743 | I104: =IFERROR(INDEX($B$91:$E$94, MATCH($N104, $B$90:$E$90, 0), MATCH(I$96, $B$90:$E$90, 0)), 0) -> 819.24952 | ... M104: =IFERROR(INDEX($B$91:$E$94, MATCH($N104, $B$90:$E$90, 0), MATCH(M$96, $B$90:$E$90, 0)), 0) -> 0 | N104: U4Y
B105: =IFERROR(INDEX($B$91:$E$94, MATCH($N105, $B$90:$E$90, 0), MATCH(B$96, $B$90:$E$90, 0)), 0) -> 0 | C105: =IFERROR(INDEX($B$91:$E$94, MATCH($N105, $B$90:$E$90, 0), MATCH(C$96, $B$90:$E$90, 0)), 0) -> 0 | D105: =IFERROR(INDEX($B$91:$E$94, MATCH($N105, $B$90:$E$90, 0), MATCH(D$96, $B$90:$E$90, 0)), 0) -> 0 | E105: =IFERROR(INDEX($B$91:$E$94, MATCH($N105, $B$90:$E$90, 0), MATCH(E$96, $B$90:$E$90, 0)), 0) -> 0 | F105: =IFERROR(INDEX($B$91:$E$94, MATCH($N105, $B$90:$E$90, 0), MATCH(F$96, $B$90:$E$90, 0)), 0) -> 0 | G105: =IFERROR(INDEX($B$91:$E$94, MATCH($N105, $B$90:$E$90, 0), MATCH(G$96, $B$90:$E$90, 0)), 0) -> 0 | H105: =IFERROR(INDEX($B$91:$E$94, MATCH($N105, $B$90:$E$90, 0), MATCH(H$96, $B$90:$E$90, 0)), 0) -> 0 | I105: =IFERROR(INDEX($B$91:$E$94, MATCH($N105, $B$90:$E$90, 0), MATCH(I$96, $B$90:$E$90, 0)), 0) -> 0 | ... M105: =IFERROR(INDEX($B$91:$E$94, MATCH($N105, $B$90:$E$90, 0), MATCH(M$96, $B$90:$E$90, 0)), 0) -> 0 | N105: U5X
B106: =IFERROR(INDEX($B$91:$E$94, MATCH($N106, $B$90:$E$90, 0), MATCH(B$96, $B$90:$E$90, 0)), 0) -> 0 | C106: =IFERROR(INDEX($B$91:$E$94, MATCH($N106, $B$90:$E$90, 0), MATCH(C$96, $B$90:$E$90, 0)), 0) -> 0 | D106: =IFERROR(INDEX($B$91:$E$94, MATCH($N106, $B$90:$E$90, 0), MATCH(D$96, $B$90:$E$90, 0)), 0) -> 0 | E106: =IFERROR(INDEX($B$91:$E$94, MATCH($N106, $B$90:$E$90, 0), MATCH(E$96, $B$90:$E$90, 0)), 0) -> 0 | F106: =IFERROR(INDEX($B$91:$E$94, MATCH($N106, $B$90:$E$90, 0), MATCH(F$96, $B$90:$E$90, 0)), 0) -> 0 | G106: =IFERROR(INDEX($B$91:$E$94, MATCH($N106, $B$90:$E$90, 0), MATCH(G$96, $B$90:$E$90, 0)), 0) -> 0 | H106: =IFERROR(INDEX($B$91:$E$94, MATCH($N106, $B$90:$E$90, 0), MATCH(H$96, $B$90:$E$90, 0)), 0) -> 0 | I106: =IFERROR(INDEX($B$91:$E$94, MATCH($N106, $B$90:$E$90, 0), MATCH(I$96, $B$90:$E$90, 0)), 0) -> 0 | ... M106: =IFERROR(INDEX($B$91:$E$94, MATCH($N106, $B$90:$E$90, 0), MATCH(M$96, $B$90:$E$90, 0)), 0) -> 0 | N106: U5Y
B107: =IFERROR(INDEX($B$91:$E$94, MATCH($N107, $B$90:$E$90, 0), MATCH(B$96, $B$90:$E$90, 0)), 0) -> 0 | C107: =IFERROR(INDEX($B$91:$E$94, MATCH($N107, $B$90:$E$90, 0), MATCH(C$96, $B$90:$E$90, 0)), 0) -> 0 | D107: =IFERROR(INDEX($B$91:$E$94, MATCH($N107, $B$90:$E$90, 0), MATCH(D$96, $B$90:$E$90, 0)), 0) -> 0 | E107: =IFERROR(INDEX($B$91:$E$94, MATCH($N107, $B$90:$E$90, 0), MATCH(E$96, $B$90:$E$90, 0)), 0) -> 0 | F107: =IFERROR(INDEX($B$91:$E$94, MATCH($N107, $B$90:$E$90, 0), MATCH(F$96, $B$90:$E$90, 0)), 0) -> 0 | G107: =IFERROR(INDEX($B$91:$E$94, MATCH($N107, $B$90:$E$90, 0), MATCH(G$96, $B$90:$E$90, 0)), 0) -> 0 | H107: =IFERROR(INDEX($B$91:$E$94, MATCH($N107, $B$90:$E$90, 0), MATCH(H$96, $B$90:$E$90, 0)), 0) -> 0 | I107: =IFERROR(INDEX($B$91:$E$94, MATCH($N107, $B$90:$E$90, 0), MATCH(I$96, $B$90:$E$90, 0)), 0) -> 0 | ... M107: =IFERROR(INDEX($B$91:$E$94, MATCH($N107, $B$90:$E$90, 0), MATCH(M$96, $B$90:$E$90, 0)), 0) -> 0 | N107: U6X
B108: =IFERROR(INDEX($B$91:$E$94, MATCH($N108, $B$90:$E$90, 0), MATCH(B$96, $B$90:$E$90, 0)), 0) -> 0 | C108: =IFERROR(INDEX($B$91:$E$94, MATCH($N108, $B$90:$E$90, 0), MATCH(C$96, $B$90:$E$90, 0)), 0) -> 0 | D108: =IFERROR(INDEX($B$91:$E$94, MATCH($N108, $B$90:$E$90, 0), MATCH(D$96, $B$90:$E$90, 0)), 0) -> 0 | E108: =IFERROR(INDEX($B$91:$E$94, MATCH($N108, $B$90:$E$90, 0), MATCH(E$96, $B$90:$E$90, 0)), 0) -> 0 | F108: =IFERROR(INDEX($B$91:$E$94, MATCH($N108, $B$90:$E$90, 0), MATCH(F$96, $B$90:$E$90, 0)), 0) -> 0 | G108: =IFERROR(INDEX($B$91:$E$94, MATCH($N108, $B$90:$E$90, 0), MATCH(G$96, $B$90:$E$90, 0)), 0) -> 0 | H108: =IFERROR(INDEX($B$91:$E$94, MATCH($N108, $B$90:$E$90, 0), MATCH(H$96, $B$90:$E$90, 0)), 0) -> 0 | I108: =IFERROR(INDEX($B$91:$E$94, MATCH($N108, $B$90:$E$90, 0), MATCH(I$96, $B$90:$E$90, 0)), 0) -> 0 | ... M108: =IFERROR(INDEX($B$91:$E$94, MATCH($N108, $B$90:$E$90, 0), MATCH(M$96, $B$90:$E$90, 0)), 0) -> 0 | N108: U6Y
A111: k5= | B111: =IF(D21="","-",D21) -> U4X | C111: =IF(E21="","-",E21) -> U4Y | D111: =IF(G21="","-",G21) -> U2X | E111: =IF(H21="","-",H21) -> U2Y
B112: =IF(N10=0, 0, N10*J10*J10) -> 136.96129 | C112: =IF(N10=0, 0, N10*J10*K10) -> -547.84518 | D112: =IF(N10=0, 0, -N10*J10*J10) -> -136.96129 | E112: =IF(N10=0, 0, -N10*J10*K10) -> 547.84518 | F112: =IF(D21="","-",D21) -> U4X
B113: =IF(N10=0, 0, N10*J10*K10) -> -547.84518 | C113: =IF(N10=0, 0, N10*K10*K10) -> 2191.3807 | D113: =IF(N10=0, 0, -N10*J10*K10) -> 547.84518 | E113: =IF(N10=0, 0, -N10*K10*K10) -> -2191.3807 | F113: =IF(E21="","-",E21) -> U4Y
B114: =IF(N10=0, 0, -N10*J10*J10) -> -136.96129 | C114: =IF(N10=0, 0, -N10*J10*K10) -> 547.84518 | D114: =IF(N10=0, 0, N10*J10*J10) -> 136.96129 | E114: =IF(N10=0, 0, N10*J10*K10) -> -547.84518 | F114: =IF(G21="","-",G21) -> U2X
B115: =IF(N10=0, 0, -N10*J10*K10) -> 547.84518 | C115: =IF(N10=0, 0, -N10*K10*K10) -> -2191.3807 | D115: =IF(N10=0, 0, N10*J10*K10) -> -547.84518 | E115: =IF(N10=0, 0, N10*K10*K10) -> 2191.3807 | F115: =IF(H21="","-",H21) -> U2Y
B117: U1X | C117: U1Y | D117: U2X | E117: U2Y | F117: U3X | G117: U3Y | H117: U4X | I117: U4Y | J117: U5X | K117: U5Y | L117: U6X | M117: U6Y
...

Sheet MANUAL_ISOSTATICA_3R (4)
A1: PLANTILLA MANUAL - CASO ISOSTÁTICO (HASTA 6 NODOS Y 8 BARRAS - CÁTEDRA ING. ULIANOV)
A2: Cátedra: Análisis Estructural II | Ing. Ulianov Cuba Valencia | Plantilla 100% Automatizada con Capacidad hasta 6 Nodos y 8 Barras
B4: BARRA | C4: INICIO (cm) | E4: FIN (cm) | G4: DX (cm) | H4: DY (cm) | I4: L (cm) | J4: Cx | K4: Cy | L4: A (cm²) | M4: E (Kgf/cm²) | N4: AE/L (Kgf/cm) | P4: COORDENADAS, CONDICIONES DE APOYO Y CARGAS NODALES (HASTA 6 NODOS)
C5: X | D5: Y | E5: X | F5: Y | P5: NUDO | Q5: X (cm) | R5: Y (cm) | S5: TIPO APOYO | T5: Rx | U5: Ry | V5: Px (Kgf) | W5: Py (Kgf)
B6: 1 | C6: =IF(C17="","", IFERROR(VLOOKUP(C17, $P$6:$W$11, 2, FALSE), "")) -> 0 | D6: =IF(C17="","", IFERROR(VLOOKUP(C17, $P$6:$W$11, 3, FALSE), "")) -> 0 | E6: =IF(F17="","", IFERROR(VLOOKUP(F17, $P$6:$W$11, 2, FALSE), "")) -> 200 | F6: =IF(F17="","", IFERROR(VLOOKUP(F17, $P$6:$W$11, 3, FALSE), "")) -> 600 | G6: =IF(OR(C6="",E6=""), "", E6-C6) -> 200 | H6: =IF(OR(D6="",F6=""), "", F6-D6) -> 600 | I6: =IF(OR(G6="",H6=""), "", SQRT(G6^2+H6^2)) -> 632.45553 | J6: =IF(OR(I6="",I6=0), "", G6/I6) -> 0.31622777 | K6: =IF(OR(I6="",I6=0), "", H6/I6) -> 0.9486833 | L6: =IF(C17="","", 20) -> 20 | M6: =IF(C17="","", 150000) -> 150000 | N6: =IF(OR(I6="",I6=0,L6="",M6=""), 0, (L6*M6)/I6) -> 4743.4165 | P6: 1 | Q6: 800 | R6: 800 | S6: Libre | T6: =IF(Q6="","", IF(LEFT(UPPER(TRIM(S6)),4)="FIJO", 1, IF(OR(UPPER(TRIM(S6))="MOVIL X", UPPER(TRIM(S6))="MÓVIL X", UPPER(TRIM(S6))="RODILLO X"), 1, 0))) -> 0 | U6: =IF(Q6="","", IF(LEFT(UPPER(TRIM(S6)),4)="FIJO", 1, IF(OR(UPPER(TRIM(S6))="MOVIL Y", UPPER(TRIM(S6))="MÓVIL Y", UPPER(TRIM(S6))="RODILLO Y", UPPER(TRIM(S6))="MOVIL", UPPER(TRIM(S6))="MÓVIL"), 1, 0))) -> 0 | V6: 1000 | W6: -2000
B7: 2 | C7: =IF(C18="","", IFERROR(VLOOKUP(C18, $P$6:$W$11, 2, FALSE), "")) -> 1000 | D7: =IF(C18="","", IFERROR(VLOOKUP(C18, $P$6:$W$11, 3, FALSE), "")) -> 0 | E7: =IF(F18="","", IFERROR(VLOOKUP(F18, $P$6:$W$11, 2, FALSE), "")) -> 0 | F7: =IF(F18="","", IFERROR(VLOOKUP(F18, $P$6:$W$11, 3, FALSE), "")) -> 0 | G7: =IF(OR(C7="",E7=""), "", E7-C7) -> -1000 | H7: =IF(OR(D7="",F7=""), "", F7-D7) -> 0 | I7: =IF(OR(G7="",H7=""), "", SQRT(G7^2+H7^2)) -> 1000 | J7: =IF(OR(I7="",I7=0), "", G7/I7) -> -1 | K7: =IF(OR(I7="",I7=0), "", H7/I7) -> 0 | L7: =IF(C18="","", 20) -> 20 | M7: =IF(C18="","", 150000) -> 150000 | N7: =IF(OR(I7="",I7=0,L7="",M7=""), 0, (L7*M7)/I7) -> 3000 | P7: 2 | Q7: 200 | R7: 600 | S7: Libre | T7: =IF(Q7="","", IF(LEFT(UPPER(TRIM(S7)),4)="FIJO", 1, IF(OR(UPPER(TRIM(S7))="MOVIL X", UPPER(TRIM(S7))="MÓVIL X", UPPER(TRIM(S7))="RODILLO X"), 1, 0))) -> 0 | U7: =IF(Q7="","", IF(LEFT(UPPER(TRIM(S7)),4)="FIJO", 1, IF(OR(UPPER(TRIM(S7))="MOVIL Y", UPPER(TRIM(S7))="MÓVIL Y", UPPER(TRIM(S7))="RODILLO Y", UPPER(TRIM(S7))="MOVIL", UPPER(TRIM(S7))="MÓVIL"), 1, 0))) -> 0 | V7: 2000 | W7: -1000
B8: 3 | C8: =IF(C19="","", IFERROR(VLOOKUP(C19, $P$6:$W$11, 2, FALSE), "")) -> 800 | D8: =IF(C19="","", IFERROR(VLOOKUP(C19, $P$6:$W$11, 3, FALSE), "")) -> 800 | E8: =IF(F19="","", IFERROR(VLOOKUP(F19, $P$6:$W$11, 2, FALSE), "")) -> 1000 | F8: =IF(F19="","", IFERROR(VLOOKUP(F19, $P$6:$W$11, 3, FALSE), "")) -> 0 | G8: =IF(OR(C8="",E8=""), "", E8-C8) -> 200 | H8: =IF(OR(D8="",F8=""), "", F8-D8) -> -800 | I8: =IF(OR(G8="",H8=""), "", SQRT(G8^2+H8^2)) -> 824.62113 | J8: =IF(OR(I8="",I8=0), "", G8/I8) -> 0.24253563 | K8: =IF(OR(I8="",I8=0), "", H8/I8) -> -0.9701425 | L8: =IF(C19="","", 20) -> 20 | M8: =IF(C19="","", 150000) -> 150000 | N8: =IF(OR(I8="",I8=0,L8="",M8=""), 0, (L8*M8)/I8) -> 3638.0344 | P8: 3 | Q8: 0 | R8: 0 | S8: Móvil Y | T8: =IF(Q8="","", IF(LEFT(UPPER(TRIM(S8)),4)="FIJO", 1, IF(OR(UPPER(TRIM(S8))="MOVIL X", UPPER(TRIM(S8))="MÓVIL X", UPPER(TRIM(S8))="RODILLO X"), 1, 0))) -> 0 | U8: =IF(Q8="","", IF(LEFT(UPPER(TRIM(S8)),4)="FIJO", 1, IF(OR(UPPER(TRIM(S8))="MOVIL Y", UPPER(TRIM(S8))="MÓVIL Y", UPPER(TRIM(S8))="RODILLO Y", UPPER(TRIM(S8))="MOVIL", UPPER(TRIM(S8))="MÓVIL"), 1, 0))) -> 1 | V8: 0 | W8: 0
B9: 4 | C9: =IF(C20="","", IFERROR(VLOOKUP(C20, $P$6:$W$11, 2, FALSE), "")) -> 200 | D9: =IF(C20="","", IFERROR(VLOOKUP(C20, $P$6:$W$11, 3, FALSE), "")) -> 600 | E9: =IF(F20="","", IFERROR(VLOOKUP(F20, $P$6:$W$11, 2, FALSE), "")) -> 1000 | F9: =IF(F20="","", IFERROR(VLOOKUP(F20, $P$6:$W$11, 3, FALSE), "")) -> 0 | G9: =IF(OR(C9="",E9=""), "", E9-C9) -> 800 | H9: =IF(OR(D9="",F9=""), "", F9-D9) -> -600 | I9: =IF(OR(G9="",H9=""), "", SQRT(G9^2+H9^2)) -> 1000 | J9: =IF(OR(I9="",I9=0), "", G9/I9) -> 0.8 | K9: =IF(OR(I9="",I9=0), "", H9/I9) -> -0.6 | L9: =IF(C20="","", 20) -> 20 | M9: =IF(C20="","", 150000) -> 150000 | N9: =IF(OR(I9="",I9=0,L9="",M9=""), 0, (L9*M9)/I9) -> 3000 | P9: 4 | Q9: 1000 | R9: 0 | S9: Fijo | T9: =IF(Q9="","", IF(LEFT(UPPER(TRIM(S9)),4)="FIJO", 1, IF(OR(UPPER(TRIM(S9))="MOVIL X", UPPER(TRIM(S9))="MÓVIL X", UPPER(TRIM(S9))="RODILLO X"), 1, 0))) -> 1 | U9: =IF(Q9="","", IF(LEFT(UPPER(TRIM(S9)),4)="FIJO", 1, IF(OR(UPPER(TRIM(S9))="MOVIL Y", UPPER(TRIM(S9))="MÓVIL Y", UPPER(TRIM(S9))="RODILLO Y", UPPER(TRIM(S9))="MOVIL", UPPER(TRIM(S9))="MÓVIL"), 1, 0))) -> 1 | V9: 0 | W9: 0
B10: 5 | C10: =IF(C21="","", IFERROR(VLOOKUP(C21, $P$6:$W$11, 2, FALSE), "")) -> 200 | D10: =IF(C21="","", IFERROR(VLOOKUP(C21, $P$6:$W$11, 3, FALSE), "")) -> 600 | E10: =IF(F21="","", IFERROR(VLOOKUP(F21, $P$6:$W$11, 2, FALSE), "")) -> 800 | F10: =IF(F21="","", IFERROR(VLOOKUP(F21, $P$6:$W$11, 3, FALSE), "")) -> 800 | G10: =IF(OR(C10="",E10=""), "", E10-C10) -> 600 | H10: =IF(OR(D10="",F10=""), "", F10-D10) -> 200 | I10: =IF(OR(G10="",H10=""), "", SQRT(G10^2+H10^2)) -> 632.45553 | J10: =IF(OR(I10="",I10=0), "", G10/I10) -> 0.9486833 | K10: =IF(OR(I10="",I10=0), "", H10/I10) -> 0.31622777 | L10: =IF(C21="","", 20) -> 20 | M10: =IF(C21="","", 150000) -> 150000 | N10: =IF(OR(I10="",I10=0,L10="",M10=""), 0, (L10*M10)/I10) -> 4743.4165 | P10: 5 | T10: =IF(Q10="","", IF(LEFT(UPPER(TRIM(S10)),4)="FIJO", 1, IF(OR(UPPER(TRIM(S10))="MOVIL X", UPPER(TRIM(S10))="MÓVIL X", UPPER(TRIM(S10))="RODILLO X"), 1, 0))) | U10: =IF(Q10="","", IF(LEFT(UPPER(TRIM(S10)),4)="FIJO", 1, IF(OR(UPPER(TRIM(S10))="MOVIL Y", UPPER(TRIM(S10))="MÓVIL Y", UPPER(TRIM(S10))="RODILLO Y", UPPER(TRIM(S10))="MOVIL", UPPER(TRIM(S10))="MÓVIL"), 1, 0)))
B11: 6 | C11: =IF(C22="","", IFERROR(VLOOKUP(C22, $P$6:$W$11, 2, FALSE), "")) | D11: =IF(C22="","", IFERROR(VLOOKUP(C22, $P$6:$W$11, 3, FALSE), "")) | E11: =IF(F22="","", IFERROR(VLOOKUP(F22, $P$6:$W$11, 2, FALSE), "")) | F11: =IF(F22="","", IFERROR(VLOOKUP(F22, $P$6:$W$11, 3, FALSE), "")) | G11: =IF(OR(C11="",E11=""), "", E11-C11) | H11: =IF(OR(D11="",F11=""), "", F11-D11) | I11: =IF(OR(G11="",H11=""), "", SQRT(G11^2+H11^2)) | J11: =IF(OR(I11="",I11=0), "", G11/I11) | K11: =IF(OR(I11="",I11=0), "", H11/I11) | L11: =IF(C22="","", 10) | M11: =IF(C22="","", 2100000) | N11: =IF(OR(I11="",I11=0,L11="",M11=""), 0, (L11*M11)/I11) -> 0 | P11: 6 | T11: =IF(Q11="","", IF(LEFT(UPPER(TRIM(S11)),4)="FIJO", 1, IF(OR(UPPER(TRIM(S11))="MOVIL X", UPPER(TRIM(S11))="MÓVIL X", UPPER(TRIM(S11))="RODILLO X"), 1, 0))) | U11: =IF(Q11="","", IF(LEFT(UPPER(TRIM(S11)),4)="FIJO", 1, IF(OR(UPPER(TRIM(S11))="MOVIL Y", UPPER(TRIM(S11))="MÓVIL Y", UPPER(TRIM(S11))="RODILLO Y", UPPER(TRIM(S11))="MOVIL", UPPER(TRIM(S11))="MÓVIL"), 1, 0)))
B12: 7 | C12: =IF(C23="","", IFERROR(VLOOKUP(C23, $P$6:$W$11, 2, FALSE), "")) | D12: =IF(C23="","", IFERROR(VLOOKUP(C23, $P$6:$W$11, 3, FALSE), "")) | E12: =IF(F23="","", IFERROR(VLOOKUP(F23, $P$6:$W$11, 2, FALSE), "")) | F12: =IF(F23="","", IFERROR(VLOOKUP(F23, $P$6:$W$11, 3, FALSE), "")) | G12: =IF(OR(C12="",E12=""), "", E12-C12) | H12: =IF(OR(D12="",F12=""), "", F12-D12) | I12: =IF(OR(G12="",H12=""), "", SQRT(G12^2+H12^2)) | J12: =IF(OR(I12="",I12=0), "", G12/I12) | K12: =IF(OR(I12="",I12=0), "", H12/I12) | L12: =IF(C23="","", 10) | M12: =IF(C23="","", 2100000) | N12: =IF(OR(I12="",I12=0,L12="",M12=""), 0, (L12*M12)/I12) -> 0
B13: 8 | C13: =IF(C24="","", IFERROR(VLOOKUP(C24, $P$6:$W$11, 2, FALSE), "")) | D13: =IF(C24="","", IFERROR(VLOOKUP(C24, $P$6:$W$11, 3, FALSE), "")) | E13: =IF(F24="","", IFERROR(VLOOKUP(F24, $P$6:$W$11, 2, FALSE), "")) | F13: =IF(F24="","", IFERROR(VLOOKUP(F24, $P$6:$W$11, 3, FALSE), "")) | G13: =IF(OR(C13="",E13=""), "", E13-C13) | H13: =IF(OR(D13="",F13=""), "", F13-D13) | I13: =IF(OR(G13="",H13=""), "", SQRT(G13^2+H13^2)) | J13: =IF(OR(I13="",I13=0), "", G13/I13) | K13: =IF(OR(I13="",I13=0), "", H13/I13) | L13: =IF(C24="","", 10) | M13: =IF(C24="","", 2100000) | N13: =IF(OR(I13="",I13=0,L13="",M13=""), 0, (L13*M13)/I13) -> 0
B15: CONECTIVIDAD DE BARRAS Y GRADOS DE LIBERTAD ASOCIADOS:
B16: BARRA | C16: NUDO INICIO | D16: UX | E16: UY | F16: NUDO FIN | G16: UX | H16: UY | S16: Móvil Y
B17: 1 | C17: 3 | D17: =IF(C17="","", "U" & C17 & "X") -> U3X | E17: =IF(C17="","", "U" & C17 & "Y") -> U3Y | F17: 2 | G17: =IF(F17="","", "U" & F17 & "X") -> U2X | H17: =IF(F17="","", "U" & F17 & "Y") -> U2Y | S17: Fijo
B18: 2 | C18: 4 | D18: =IF(C18="","", "U" & C18 & "X") -> U4X | E18: =IF(C18="","", "U" & C18 & "Y") -> U4Y | F18: 3 | G18: =IF(F18="","", "U" & F18 & "X") -> U3X | H18: =IF(F18="","", "U" & F18 & "Y") -> U3Y | S18: Libre
B19: 3 | C19: 1 | D19: =IF(C19="","", "U" & C19 & "X") -> U1X | E19: =IF(C19="","", "U" & C19 & "Y") -> U1Y | F19: 4 | G19: =IF(F19="","", "U" & F19 & "X") -> U4X | H19: =IF(F19="","", "U" & F19 & "Y") -> U4Y | S19: Libre
B20: 4 | C20: 2 | D20: =IF(C20="","", "U" & C20 & "X") -> U2X | E20: =IF(C20="","", "U" & C20 & "Y") -> U2Y | F20: 4 | G20: =IF(F20="","", "U" & F20 & "X") -> U4X | H20: =IF(F20="","", "U" & F20 & "Y") -> U4Y | S20: Libre
B21: 5 | C21: 2 | D21: =IF(C21="","", "U" & C21 & "X") -> U2X | E21: =IF(C21="","", "U" & C21 & "Y") -> U2Y | F21: 1 | G21: =IF(F21="","", "U" & F21 & "X") -> U1X | H21: =IF(F21="","", "U" & F21 & "Y") -> U1Y | S21: Libre
B22: 6 | D22: =IF(C22="","", "U" & C22 & "X") | E22: =IF(C22="","", "U" & C22 & "Y") | G22: =IF(F22="","", "U" & F22 & "X") | H22: =IF(F22="","", "U" & F22 & "Y")
B23: 7 | D23: =IF(C23="","", "U" & C23 & "X") | E23: =IF(C23="","", "U" & C23 & "Y") | G23: =IF(F23="","", "U" & F23 & "X") | H23: =IF(F23="","", "U" & F23 & "Y")
B24: 8 | D24: =IF(C24="","", "U" & C24 & "X") | E24: =IF(C24="","", "U" & C24 & "Y") | G24: =IF(F24="","", "U" & F24 & "X") | H24: =IF(F24="","", "U" & F24 & "Y")
A27: k1= | B27: =IF(D17="","-",D17) -> U3X | C27: =IF(E17="","-",E17) -> U3Y | D27: =IF(G17="","-",G17) -> U2X | E27: =IF(H17="","-",H17) -> U2Y
B28: =IF(N6=0, 0, N6*J6*J6) -> 474.34165 | C28: =IF(N6=0, 0, N6*J6*K6) -> 1423.0249 | D28: =IF(N6=0, 0, -N6*J6*J6) -> -474.34165 | E28: =IF(N6=0, 0, -N6*J6*K6) -> -1423.0249 | F28: =IF(D17="","-",D17) -> U3X
B29: =IF(N6=0, 0, N6*J6*K6) -> 1423.0249 | C29: =IF(N6=0, 0, N6*K6*K6) -> 4269.0748 | D29: =IF(N6=0, 0, -N6*J6*K6) -> -1423.0249 | E29: =IF(N6=0, 0, -N6*K6*K6) -> -4269.0748 | F29: =IF(E17="","-",E17) -> U3Y
B30: =IF(N6=0, 0, -N6*J6*J6) -> -474.34165 | C30: =IF(N6=0, 0, -N6*J6*K6) -> -1423.0249 | D30: =IF(N6=0, 0, N6*J6*J6) -> 474.34165 | E30: =IF(N6=0, 0, N6*J6*K6) -> 1423.0249 | F30: =IF(G17="","-",G17) -> U2X
B31: =IF(N6=0, 0, -N6*J6*K6) -> -1423.0249 | C31: =IF(N6=0, 0, -N6*K6*K6) -> -4269.0748 | D31: =IF(N6=0, 0, N6*J6*K6) -> 1423.0249 | E31: =IF(N6=0, 0, N6*K6*K6) -> 4269.0748 | F31: =IF(H17="","-",H17) -> U2Y
B33: U1X | C33: U1Y | D33: U2X | E33: U2Y | F33: U3X | G33: U3Y | H33: U4X | I33: U4Y | J33: U5X | K33: U5Y | L33: U6X | M33: U6Y
B34: =IFERROR(INDEX($B$28:$E$31, MATCH($N34, $B$27:$E$27, 0), MATCH(B$33, $B$27:$E$27, 0)), 0) -> 0 | C34: =IFERROR(INDEX($B$28:$E$31, MATCH($N34, $B$27:$E$27, 0), MATCH(C$33, $B$27:$E$27, 0)), 0) -> 0 | D34: =IFERROR(INDEX($B$28:$E$31, MATCH($N34, $B$27:$E$27, 0), MATCH(D$33, $B$27:$E$27, 0)), 0) -> 0 | E34: =IFERROR(INDEX($B$28:$E$31, MATCH($N34, $B$27:$E$27, 0), MATCH(E$33, $B$27:$E$27, 0)), 0) -> 0 | F34: =IFERROR(INDEX($B$28:$E$31, MATCH($N34, $B$27:$E$27, 0), MATCH(F$33, $B$27:$E$27, 0)), 0) -> 0 | G34: =IFERROR(INDEX($B$28:$E$31, MATCH($N34, $B$27:$E$27, 0), MATCH(G$33, $B$27:$E$27, 0)), 0) -> 0 | H34: =IFERROR(INDEX($B$28:$E$31, MATCH($N34, $B$27:$E$27, 0), MATCH(H$33, $B$27:$E$27, 0)), 0) -> 0 | I34: =IFERROR(INDEX($B$28:$E$31, MATCH($N34, $B$27:$E$27, 0), MATCH(I$33, $B$27:$E$27, 0)), 0) -> 0 | ... M34: =IFERROR(INDEX($B$28:$E$31, MATCH($N34, $B$27:$E$27, 0), MATCH(M$33, $B$27:$E$27, 0)), 0) -> 0 | N34: U1X
B35: =IFERROR(INDEX($B$28:$E$31, MATCH($N35, $B$27:$E$27, 0), MATCH(B$33, $B$27:$E$27, 0)), 0) -> 0 | C35: =IFERROR(INDEX($B$28:$E$31, MATCH($N35, $B$27:$E$27, 0), MATCH(C$33, $B$27:$E$27, 0)), 0) -> 0 | D35: =IFERROR(INDEX($B$28:$E$31, MATCH($N35, $B$27:$E$27, 0), MATCH(D$33, $B$27:$E$27, 0)), 0) -> 0 | E35: =IFERROR(INDEX($B$28:$E$31, MATCH($N35, $B$27:$E$27, 0), MATCH(E$33, $B$27:$E$27, 0)), 0) -> 0 | F35: =IFERROR(INDEX($B$28:$E$31, MATCH($N35, $B$27:$E$27, 0), MATCH(F$33, $B$27:$E$27, 0)), 0) -> 0 | G35: =IFERROR(INDEX($B$28:$E$31, MATCH($N35, $B$27:$E$27, 0), MATCH(G$33, $B$27:$E$27, 0)), 0) -> 0 | H35: =IFERROR(INDEX($B$28:$E$31, MATCH($N35, $B$27:$E$27, 0), MATCH(H$33, $B$27:$E$27, 0)), 0) -> 0 | I35: =IFERROR(INDEX($B$28:$E$31, MATCH($N35, $B$27:$E$27, 0), MATCH(I$33, $B$27:$E$27, 0)), 0) -> 0 | ... M35: =IFERROR(INDEX($B$28:$E$31, MATCH($N35, $B$27:$E$27, 0), MATCH(M$33, $B$27:$E$27, 0)), 0) -> 0 | N35: U1Y
B36: =IFERROR(INDEX($B$28:$E$31, MATCH($N36, $B$27:$E$27, 0), MATCH(B$33, $B$27:$E$27, 0)), 0) -> 0 | C36: =IFERROR(INDEX($B$28:$E$31, MATCH($N36, $B$27:$E$27, 0), MATCH(C$33, $B$27:$E$27, 0)), 0) -> 0 | D36: =IFERROR(INDEX($B$28:$E$31, MATCH($N36, $B$27:$E$27, 0), MATCH(D$33, $B$27:$E$27, 0)), 0) -> 474.34165 | E36: =IFERROR(INDEX($B$28:$E$31, MATCH($N36, $B$27:$E$27, 0), MATCH(E$33, $B$27:$E$27, 0)), 0) -> 1423.0249 | F36: =IFERROR(INDEX($B$28:$E$31, MATCH($N36, $B$27:$E$27, 0), MATCH(F$33, $B$27:$E$27, 0)), 0) -> -474.34165 | G36: =IFERROR(INDEX($B$28:$E$31, MATCH($N36, $B$27:$E$27, 0), MATCH(G$33, $B$27:$E$27, 0)), 0) -> -1423.0249 | H36: =IFERROR(INDEX($B$28:$E$31, MATCH($N36, $B$27:$E$27, 0), MATCH(H$33, $B$27:$E$27, 0)), 0) -> 0 | I36: =IFERROR(INDEX($B$28:$E$31, MATCH($N36, $B$27:$E$27, 0), MATCH(I$33, $B$27:$E$27, 0)), 0) -> 0 | ... M36: =IFERROR(INDEX($B$28:$E$31, MATCH($N36, $B$27:$E$27, 0), MATCH(M$33, $B$27:$E$27, 0)), 0) -> 0 | N36: U2X
B37: =IFERROR(INDEX($B$28:$E$31, MATCH($N37, $B$27:$E$27, 0), MATCH(B$33, $B$27:$E$27, 0)), 0) -> 0 | C37: =IFERROR(INDEX($B$28:$E$31, MATCH($N37, $B$27:$E$27, 0), MATCH(C$33, $B$27:$E$27, 0)), 0) -> 0 | D37: =IFERROR(INDEX($B$28:$E$31, MATCH($N37, $B$27:$E$27, 0), MATCH(D$33, $B$27:$E$27, 0)), 0) -> 1423.0249 | E37: =IFERROR(INDEX($B$28:$E$31, MATCH($N37, $B$27:$E$27, 0), MATCH(E$33, $B$27:$E$27, 0)), 0) -> 4269.0748 | F37: =IFERROR(INDEX($B$28:$E$31, MATCH($N37, $B$27:$E$27, 0), MATCH(F$33, $B$27:$E$27, 0)), 0) -> -1423.0249 | G37: =IFERROR(INDEX($B$28:$E$31, MATCH($N37, $B$27:$E$27, 0), MATCH(G$33, $B$27:$E$27, 0)), 0) -> -4269.0748 | H37: =IFERROR(INDEX($B$28:$E$31, MATCH($N37, $B$27:$E$27, 0), MATCH(H$33, $B$27:$E$27, 0)), 0) -> 0 | I37: =IFERROR(INDEX($B$28:$E$31, MATCH($N37, $B$27:$E$27, 0), MATCH(I$33, $B$27:$E$27, 0)), 0) -> 0 | ... M37: =IFERROR(INDEX($B$28:$E$31, MATCH($N37, $B$27:$E$27, 0), MATCH(M$33, $B$27:$E$27, 0)), 0) -> 0 | N37: U2Y
B38: =IFERROR(INDEX($B$28:$E$31, MATCH($N38, $B$27:$E$27, 0), MATCH(B$33, $B$27:$E$27, 0)), 0) -> 0 | C38: =IFERROR(INDEX($B$28:$E$31, MATCH($N38, $B$27:$E$27, 0), MATCH(C$33, $B$27:$E$27, 0)), 0) -> 0 | D38: =IFERROR(INDEX($B$28:$E$31, MATCH($N38, $B$27:$E$27, 0), MATCH(D$33, $B$27:$E$27, 0)), 0) -> -474.34165 | E38: =IFERROR(INDEX($B$28:$E$31, MATCH($N38, $B$27:$E$27, 0), MATCH(E$33, $B$27:$E$27, 0)), 0) -> -1423.0249 | F38: =IFERROR(INDEX($B$28:$E$31, MATCH($N38, $B$27:$E$27, 0), MATCH(F$33, $B$27:$E$27, 0)), 0) -> 474.34165 | G38: =IFERROR(INDEX($B$28:$E$31, MATCH($N38, $B$27:$E$27, 0), MATCH(G$33, $B$27:$E$27, 0)), 0) -> 1423.0249 | H38: =IFERROR(INDEX($B$28:$E$31, MATCH($N38, $B$27:$E$27, 0), MATCH(H$33, $B$27:$E$27, 0)), 0) -> 0 | I38: =IFERROR(INDEX($B$28:$E$31, MATCH($N38, $B$27:$E$27, 0), MATCH(I$33, $B$27:$E$27, 0)), 0) -> 0 | ... M38: =IFERROR(INDEX($B$28:$E$31, MATCH($N38, $B$27:$E$27, 0), MATCH(M$33, $B$27:$E$27, 0)), 0) -> 0 | N38: U3X
A39: K1= | B39: =IFERROR(INDEX($B$28:$E$31, MATCH($N39, $B$27:$E$27, 0), MATCH(B$33, $B$27:$E$27, 0)), 0) -> 0 | C39: =IFERROR(INDEX($B$28:$E$31, MATCH($N39, $B$27:$E$27, 0), MATCH(C$33, $B$27:$E$27, 0)), 0) -> 0 | D39: =IFERROR(INDEX($B$28:$E$31, MATCH($N39, $B$27:$E$27, 0), MATCH(D$33, $B$27:$E$27, 0)), 0) -> -1423.0249 | E39: =IFERROR(INDEX($B$28:$E$31, MATCH($N39, $B$27:$E$27, 0), MATCH(E$33, $B$27:$E$27, 0)), 0) -> -4269.0748 | F39: =IFERROR(INDEX($B$28:$E$31, MATCH($N39, $B$27:$E$27, 0), MATCH(F$33, $B$27:$E$27, 0)), 0) -> 1423.0249 | G39: =IFERROR(INDEX($B$28:$E$31, MATCH($N39, $B$27:$E$27, 0), MATCH(G$33, $B$27:$E$27, 0)), 0) -> 4269.0748 | H39: =IFERROR(INDEX($B$28:$E$31, MATCH($N39, $B$27:$E$27, 0), MATCH(H$33, $B$27:$E$27, 0)), 0) -> 0 | I39: =IFERROR(INDEX($B$28:$E$31, MATCH($N39, $B$27:$E$27, 0), MATCH(I$33, $B$27:$E$27, 0)), 0) -> 0 | ... M39: =IFERROR(INDEX($B$28:$E$31, MATCH($N39, $B$27:$E$27, 0), MATCH(M$33, $B$27:$E$27, 0)), 0) -> 0 | N39: U3Y
B40: =IFERROR(INDEX($B$28:$E$31, MATCH($N40, $B$27:$E$27, 0), MATCH(B$33, $B$27:$E$27, 0)), 0) -> 0 | C40: =IFERROR(INDEX($B$28:$E$31, MATCH($N40, $B$27:$E$27, 0), MATCH(C$33, $B$27:$E$27, 0)), 0) -> 0 | D40: =IFERROR(INDEX($B$28:$E$31, MATCH($N40, $B$27:$E$27, 0), MATCH(D$33, $B$27:$E$27, 0)), 0) -> 0 | E40: =IFERROR(INDEX($B$28:$E$31, MATCH($N40, $B$27:$E$27, 0), MATCH(E$33, $B$27:$E$27, 0)), 0) -> 0 | F40: =IFERROR(INDEX($B$28:$E$31, MATCH($N40, $B$27:$E$27, 0), MATCH(F$33, $B$27:$E$27, 0)), 0) -> 0 | G40: =IFERROR(INDEX($B$28:$E$31, MATCH($N40, $B$27:$E$27, 0), MATCH(G$33, $B$27:$E$27, 0)), 0) -> 0 | H40: =IFERROR(INDEX($B$28:$E$31, MATCH($N40, $B$27:$E$27, 0), MATCH(H$33, $B$27:$E$27, 0)), 0) -> 0 | I40: =IFERROR(INDEX($B$28:$E$31, MATCH($N40, $B$27:$E$27, 0), MATCH(I$33, $B$27:$E$27, 0)), 0) -> 0 | ... M40: =IFERROR(INDEX($B$28:$E$31, MATCH($N40, $B$27:$E$27, 0), MATCH(M$33, $B$27:$E$27, 0)), 0) -> 0 | N40: U4X
B41: =IFERROR(INDEX($B$28:$E$31, MATCH($N41, $B$27:$E$27, 0), MATCH(B$33, $B$27:$E$27, 0)), 0) -> 0 | C41: =IFERROR(INDEX($B$28:$E$31, MATCH($N41, $B$27:$E$27, 0), MATCH(C$33, $B$27:$E$27, 0)), 0) -> 0 | D41: =IFERROR(INDEX($B$28:$E$31, MATCH($N41, $B$27:$E$27, 0), MATCH(D$33, $B$27:$E$27, 0)), 0) -> 0 | E41: =IFERROR(INDEX($B$28:$E$31, MATCH($N41, $B$27:$E$27, 0), MATCH(E$33, $B$27:$E$27, 0)), 0) -> 0 | F41: =IFERROR(INDEX($B$28:$E$31, MATCH($N41, $B$27:$E$27, 0), MATCH(F$33, $B$27:$E$27, 0)), 0) -> 0 | G41: =IFERROR(INDEX($B$28:$E$31, MATCH($N41, $B$27:$E$27, 0), MATCH(G$33, $B$27:$E$27, 0)), 0) -> 0 | H41: =IFERROR(INDEX($B$28:$E$31, MATCH($N41, $B$27:$E$27, 0), MATCH(H$33, $B$27:$E$27, 0)), 0) -> 0 | I41: =IFERROR(INDEX($B$28:$E$31, MATCH($N41, $B$27:$E$27, 0), MATCH(I$33, $B$27:$E$27, 0)), 0) -> 0 | ... M41: =IFERROR(INDEX($B$28:$E$31, MATCH($N41, $B$27:$E$27, 0), MATCH(M$33, $B$27:$E$27, 0)), 0) -> 0 | N41: U4Y
B42: =IFERROR(INDEX($B$28:$E$31, MATCH($N42, $B$27:$E$27, 0), MATCH(B$33, $B$27:$E$27, 0)), 0) -> 0 | C42: =IFERROR(INDEX($B$28:$E$31, MATCH($N42, $B$27:$E$27, 0), MATCH(C$33, $B$27:$E$27, 0)), 0) -> 0 | D42: =IFERROR(INDEX($B$28:$E$31, MATCH($N42, $B$27:$E$27, 0), MATCH(D$33, $B$27:$E$27, 0)), 0) -> 0 | E42: =IFERROR(INDEX($B$28:$E$31, MATCH($N42, $B$27:$E$27, 0), MATCH(E$33, $B$27:$E$27, 0)), 0) -> 0 | F42: =IFERROR(INDEX($B$28:$E$31, MATCH($N42, $B$27:$E$27, 0), MATCH(F$33, $B$27:$E$27, 0)), 0) -> 0 | G42: =IFERROR(INDEX($B$28:$E$31, MATCH($N42, $B$27:$E$27, 0), MATCH(G$33, $B$27:$E$27, 0)), 0) -> 0 | H42: =IFERROR(INDEX($B$28:$E$31, MATCH($N42, $B$27:$E$27, 0), MATCH(H$33, $B$27:$E$27, 0)), 0) -> 0 | I42: =IFERROR(INDEX($B$28:$E$31, MATCH($N42, $B$27:$E$27, 0), MATCH(I$33, $B$27:$E$27, 0)), 0) -> 0 | ... M42: =IFERROR(INDEX($B$28:$E$31, MATCH($N42, $B$27:$E$27, 0), MATCH(M$33, $B$27:$E$27, 0)), 0) -> 0 | N42: U5X
B43: =IFERROR(INDEX($B$28:$E$31, MATCH($N43, $B$27:$E$27, 0), MATCH(B$33, $B$27:$E$27, 0)), 0) -> 0 | C43: =IFERROR(INDEX($B$28:$E$31, MATCH($N43, $B$27:$E$27, 0), MATCH(C$33, $B$27:$E$27, 0)), 0) -> 0 | D43: =IFERROR(INDEX($B$28:$E$31, MATCH($N43, $B$27:$E$27, 0), MATCH(D$33, $B$27:$E$27, 0)), 0) -> 0 | E43: =IFERROR(INDEX($B$28:$E$31, MATCH($N43, $B$27:$E$27, 0), MATCH(E$33, $B$27:$E$27, 0)), 0) -> 0 | F43: =IFERROR(INDEX($B$28:$E$31, MATCH($N43, $B$27:$E$27, 0), MATCH(F$33, $B$27:$E$27, 0)), 0) -> 0 | G43: =IFERROR(INDEX($B$28:$E$31, MATCH($N43, $B$27:$E$27, 0), MATCH(G$33, $B$27:$E$27, 0)), 0) -> 0 | H43: =IFERROR(INDEX($B$28:$E$31, MATCH($N43, $B$27:$E$27, 0), MATCH(H$33, $B$27:$E$27, 0)), 0) -> 0 | I43: =IFERROR(INDEX($B$28:$E$31, MATCH($N43, $B$27:$E$27, 0), MATCH(I$33, $B$27:$E$27, 0)), 0) -> 0 | ... M43: =IFERROR(INDEX($B$28:$E$31, MATCH($N43, $B$27:$E$27, 0), MATCH(M$33, $B$27:$E$27, 0)), 0) -> 0 | N43: U5Y
B44: =IFERROR(INDEX($B$28:$E$31, MATCH($N44, $B$27:$E$27, 0), MATCH(B$33, $B$27:$E$27, 0)), 0) -> 0 | C44: =IFERROR(INDEX($B$28:$E$31, MATCH($N44, $B$27:$E$27, 0), MATCH(C$33, $B$27:$E$27, 0)), 0) -> 0 | D44: =IFERROR(INDEX($B$28:$E$31, MATCH($N44, $B$27:$E$27, 0), MATCH(D$33, $B$27:$E$27, 0)), 0) -> 0 | E44: =IFERROR(INDEX($B$28:$E$31, MATCH($N44, $B$27:$E$27, 0), MATCH(E$33, $B$27:$E$27, 0)), 0) -> 0 | F44: =IFERROR(INDEX($B$28:$E$31, MATCH($N44, $B$27:$E$27, 0), MATCH(F$33, $B$27:$E$27, 0)), 0) -> 0 | G44: =IFERROR(INDEX($B$28:$E$31, MATCH($N44, $B$27:$E$27, 0), MATCH(G$33, $B$27:$E$27, 0)), 0) -> 0 | H44: =IFERROR(INDEX($B$28:$E$31, MATCH($N44, $B$27:$E$27, 0), MATCH(H$33, $B$27:$E$27, 0)), 0) -> 0 | I44: =IFERROR(INDEX($B$28:$E$31, MATCH($N44, $B$27:$E$27, 0), MATCH(I$33, $B$27:$E$27, 0)), 0) -> 0 | ... M44: =IFERROR(INDEX($B$28:$E$31, MATCH($N44, $B$27:$E$27, 0), MATCH(M$33, $B$27:$E$27, 0)), 0) -> 0 | N44: U6X
B45: =IFERROR(INDEX($B$28:$E$31, MATCH($N45, $B$27:$E$27, 0), MATCH(B$33, $B$27:$E$27, 0)), 0) -> 0 | C45: =IFERROR(INDEX($B$28:$E$31, MATCH($N45, $B$27:$E$27, 0), MATCH(C$33, $B$27:$E$27, 0)), 0) -> 0 | D45: =IFERROR(INDEX($B$28:$E$31, MATCH($N45, $B$27:$E$27, 0), MATCH(D$33, $B$27:$E$27, 0)), 0) -> 0 | E45: =IFERROR(INDEX($B$28:$E$31, MATCH($N45, $B$27:$E$27, 0), MATCH(E$33, $B$27:$E$27, 0)), 0) -> 0 | F45: =IFERROR(INDEX($B$28:$E$31, MATCH($N45, $B$27:$E$27, 0), MATCH(F$33, $B$27:$E$27, 0)), 0) -> 0 | G45: =IFERROR(INDEX($B$28:$E$31, MATCH($N45, $B$27:$E$27, 0), MATCH(G$33, $B$27:$E$27, 0)), 0) -> 0 | H45: =IFERROR(INDEX($B$28:$E$31, MATCH($N45, $B$27:$E$27, 0), MATCH(H$33, $B$27:$E$27, 0)), 0) -> 0 | I45: =IFERROR(INDEX($B$28:$E$31, MATCH($N45, $B$27:$E$27, 0), MATCH(I$33, $B$27:$E$27, 0)), 0) -> 0 | ... M45: =IFERROR(INDEX($B$28:$E$31, MATCH($N45, $B$27:$E$27, 0), MATCH(M$33, $B$27:$E$27, 0)), 0) -> 0 | N45: U6Y
A48: k2= | B48: =IF(D18="","-",D18) -> U4X | C48: =IF(E18="","-",E18) -> U4Y | D48: =IF(G18="","-",G18) -> U3X | E48: =IF(H18="","-",H18) -> U3Y
B49: =IF(N7=0, 0, N7*J7*J7) -> 3000 | C49: =IF(N7=0, 0, N7*J7*K7) -> 0 | D49: =IF(N7=0, 0, -N7*J7*J7) -> -3000 | E49: =IF(N7=0, 0, -N7*J7*K7) -> 0 | F49: =IF(D18="","-",D18) -> U4X
B50: =IF(N7=0, 0, N7*J7*K7) -> 0 | C50: =IF(N7=0, 0, N7*K7*K7) -> 0 | D50: =IF(N7=0, 0, -N7*J7*K7) -> 0 | E50: =IF(N7=0, 0, -N7*K7*K7) -> 0 | F50: =IF(E18="","-",E18) -> U4Y
B51: =IF(N7=0, 0, -N7*J7*J7) -> -3000 | C51: =IF(N7=0, 0, -N7*J7*K7) -> 0 | D51: =IF(N7=0, 0, N7*J7*J7) -> 3000 | E51: =IF(N7=0, 0, N7*J7*K7) -> 0 | F51: =IF(G18="","-",G18) -> U3X
B52: =IF(N7=0, 0, -N7*J7*K7) -> 0 | C52: =IF(N7=0, 0, -N7*K7*K7) -> 0 | D52: =IF(N7=0, 0, N7*J7*K7) -> 0 | E52: =IF(N7=0, 0, N7*K7*K7) -> 0 | F52: =IF(H18="","-",H18) -> U3Y
B54: U1X | C54: U1Y | D54: U2X | E54: U2Y | F54: U3X | G54: U3Y | H54: U4X | I54: U4Y | J54: U5X | K54: U5Y | L54: U6X | M54: U6Y
B55: =IFERROR(INDEX($B$49:$E$52, MATCH($N55, $B$48:$E$48, 0), MATCH(B$54, $B$48:$E$48, 0)), 0) -> 0 | C55: =IFERROR(INDEX($B$49:$E$52, MATCH($N55, $B$48:$E$48, 0), MATCH(C$54, $B$48:$E$48, 0)), 0) -> 0 | D55: =IFERROR(INDEX($B$49:$E$52, MATCH($N55, $B$48:$E$48, 0), MATCH(D$54, $B$48:$E$48, 0)), 0) -> 0 | E55: =IFERROR(INDEX($B$49:$E$52, MATCH($N55, $B$48:$E$48, 0), MATCH(E$54, $B$48:$E$48, 0)), 0) -> 0 | F55: =IFERROR(INDEX($B$49:$E$52, MATCH($N55, $B$48:$E$48, 0), MATCH(F$54, $B$48:$E$48, 0)), 0) -> 0 | G55: =IFERROR(INDEX($B$49:$E$52, MATCH($N55, $B$48:$E$48, 0), MATCH(G$54, $B$48:$E$48, 0)), 0) -> 0 | H55: =IFERROR(INDEX($B$49:$E$52, MATCH($N55, $B$48:$E$48, 0), MATCH(H$54, $B$48:$E$48, 0)), 0) -> 0 | I55: =IFERROR(INDEX($B$49:$E$52, MATCH($N55, $B$48:$E$48, 0), MATCH(I$54, $B$48:$E$48, 0)), 0) -> 0 | ... M55: =IFERROR(INDEX($B$49:$E$52, MATCH($N55, $B$48:$E$48, 0), MATCH(M$54, $B$48:$E$48, 0)), 0) -> 0 | N55: U1X
B56: =IFERROR(INDEX($B$49:$E$52, MATCH($N56, $B$48:$E$48, 0), MATCH(B$54, $B$48:$E$48, 0)), 0) -> 0 | C56: =IFERROR(INDEX($B$49:$E$52, MATCH($N56, $B$48:$E$48, 0), MATCH(C$54, $B$48:$E$48, 0)), 0) -> 0 | D56: =IFERROR(INDEX($B$49:$E$52, MATCH($N56, $B$48:$E$48, 0), MATCH(D$54, $B$48:$E$48, 0)), 0) -> 0 | E56: =IFERROR(INDEX($B$49:$E$52, MATCH($N56, $B$48:$E$48, 0), MATCH(E$54, $B$48:$E$48, 0)), 0) -> 0 | F56: =IFERROR(INDEX($B$49:$E$52, MATCH($N56, $B$48:$E$48, 0), MATCH(F$54, $B$48:$E$48, 0)), 0) -> 0 | G56: =IFERROR(INDEX($B$49:$E$52, MATCH($N56, $B$48:$E$48, 0), MATCH(G$54, $B$48:$E$48, 0)), 0) -> 0 | H56: =IFERROR(INDEX($B$49:$E$52, MATCH($N56, $B$48:$E$48, 0), MATCH(H$54, $B$48:$E$48, 0)), 0) -> 0 | I56: =IFERROR(INDEX($B$49:$E$52, MATCH($N56, $B$48:$E$48, 0), MATCH(I$54, $B$48:$E$48, 0)), 0) -> 0 | ... M56: =IFERROR(INDEX($B$49:$E$52, MATCH($N56, $B$48:$E$48, 0), MATCH(M$54, $B$48:$E$48, 0)), 0) -> 0 | N56: U1Y
B57: =IFERROR(INDEX($B$49:$E$52, MATCH($N57, $B$48:$E$48, 0), MATCH(B$54, $B$48:$E$48, 0)), 0) -> 0 | C57: =IFERROR(INDEX($B$49:$E$52, MATCH($N57, $B$48:$E$48, 0), MATCH(C$54, $B$48:$E$48, 0)), 0) -> 0 | D57: =IFERROR(INDEX($B$49:$E$52, MATCH($N57, $B$48:$E$48, 0), MATCH(D$54, $B$48:$E$48, 0)), 0) -> 0 | E57: =IFERROR(INDEX($B$49:$E$52, MATCH($N57, $B$48:$E$48, 0), MATCH(E$54, $B$48:$E$48, 0)), 0) -> 0 | F57: =IFERROR(INDEX($B$49:$E$52, MATCH($N57, $B$48:$E$48, 0), MATCH(F$54, $B$48:$E$48, 0)), 0) -> 0 | G57: =IFERROR(INDEX($B$49:$E$52, MATCH($N57, $B$48:$E$48, 0), MATCH(G$54, $B$48:$E$48, 0)), 0) -> 0 | H57: =IFERROR(INDEX($B$49:$E$52, MATCH($N57, $B$48:$E$48, 0), MATCH(H$54, $B$48:$E$48, 0)), 0) -> 0 | I57: =IFERROR(INDEX($B$49:$E$52, MATCH($N57, $B$48:$E$48, 0), MATCH(I$54, $B$48:$E$48, 0)), 0) -> 0 | ... M57: =IFERROR(INDEX($B$49:$E$52, MATCH($N57, $B$48:$E$48, 0), MATCH(M$54, $B$48:$E$48, 0)), 0) -> 0 | N57: U2X
B58: =IFERROR(INDEX($B$49:$E$52, MATCH($N58, $B$48:$E$48, 0), MATCH(B$54, $B$48:$E$48, 0)), 0) -> 0 | C58: =IFERROR(INDEX($B$49:$E$52, MATCH($N58, $B$48:$E$48, 0), MATCH(C$54, $B$48:$E$48, 0)), 0) -> 0 | D58: =IFERROR(INDEX($B$49:$E$52, MATCH($N58, $B$48:$E$48, 0), MATCH(D$54, $B$48:$E$48, 0)), 0) -> 0 | E58: =IFERROR(INDEX($B$49:$E$52, MATCH($N58, $B$48:$E$48, 0), MATCH(E$54, $B$48:$E$48, 0)), 0) -> 0 | F58: =IFERROR(INDEX($B$49:$E$52, MATCH($N58, $B$48:$E$48, 0), MATCH(F$54, $B$48:$E$48, 0)), 0) -> 0 | G58: =IFERROR(INDEX($B$49:$E$52, MATCH($N58, $B$48:$E$48, 0), MATCH(G$54, $B$48:$E$48, 0)), 0) -> 0 | H58: =IFERROR(INDEX($B$49:$E$52, MATCH($N58, $B$48:$E$48, 0), MATCH(H$54, $B$48:$E$48, 0)), 0) -> 0 | I58: =IFERROR(INDEX($B$49:$E$52, MATCH($N58, $B$48:$E$48, 0), MATCH(I$54, $B$48:$E$48, 0)), 0) -> 0 | ... M58: =IFERROR(INDEX($B$49:$E$52, MATCH($N58, $B$48:$E$48, 0), MATCH(M$54, $B$48:$E$48, 0)), 0) -> 0 | N58: U2Y
B59: =IFERROR(INDEX($B$49:$E$52, MATCH($N59, $B$48:$E$48, 0), MATCH(B$54, $B$48:$E$48, 0)), 0) -> 0 | C59: =IFERROR(INDEX($B$49:$E$52, MATCH($N59, $B$48:$E$48, 0), MATCH(C$54, $B$48:$E$48, 0)), 0) -> 0 | D59: =IFERROR(INDEX($B$49:$E$52, MATCH($N59, $B$48:$E$48, 0), MATCH(D$54, $B$48:$E$48, 0)), 0) -> 0 | E59: =IFERROR(INDEX($B$49:$E$52, MATCH($N59, $B$48:$E$48, 0), MATCH(E$54, $B$48:$E$48, 0)), 0) -> 0 | F59: =IFERROR(INDEX($B$49:$E$52, MATCH($N59, $B$48:$E$48, 0), MATCH(F$54, $B$48:$E$48, 0)), 0) -> 3000 | G59: =IFERROR(INDEX($B$49:$E$52, MATCH($N59, $B$48:$E$48, 0), MATCH(G$54, $B$48:$E$48, 0)), 0) -> 0 | H59: =IFERROR(INDEX($B$49:$E$52, MATCH($N59, $B$48:$E$48, 0), MATCH(H$54, $B$48:$E$48, 0)), 0) -> -3000 | I59: =IFERROR(INDEX($B$49:$E$52, MATCH($N59, $B$48:$E$48, 0), MATCH(I$54, $B$48:$E$48, 0)), 0) -> 0 | ... M59: =IFERROR(INDEX($B$49:$E$52, MATCH($N59, $B$48:$E$48, 0), MATCH(M$54, $B$48:$E$48, 0)), 0) -> 0 | N59: U3X
A60: K2= | B60: =IFERROR(INDEX($B$49:$E$52, MATCH($N60, $B$48:$E$48, 0), MATCH(B$54, $B$48:$E$48, 0)), 0) -> 0 | C60: =IFERROR(INDEX($B$49:$E$52, MATCH($N60, $B$48:$E$48, 0), MATCH(C$54, $B$48:$E$48, 0)), 0) -> 0 | D60: =IFERROR(INDEX($B$49:$E$52, MATCH($N60, $B$48:$E$48, 0), MATCH(D$54, $B$48:$E$48, 0)), 0) -> 0 | E60: =IFERROR(INDEX($B$49:$E$52, MATCH($N60, $B$48:$E$48, 0), MATCH(E$54, $B$48:$E$48, 0)), 0) -> 0 | F60: =IFERROR(INDEX($B$49:$E$52, MATCH($N60, $B$48:$E$48, 0), MATCH(F$54, $B$48:$E$48, 0)), 0) -> 0 | G60: =IFERROR(INDEX($B$49:$E$52, MATCH($N60, $B$48:$E$48, 0), MATCH(G$54, $B$48:$E$48, 0)), 0) -> 0 | H60: =IFERROR(INDEX($B$49:$E$52, MATCH($N60, $B$48:$E$48, 0), MATCH(H$54, $B$48:$E$48, 0)), 0) -> 0 | I60: =IFERROR(INDEX($B$49:$E$52, MATCH($N60, $B$48:$E$48, 0), MATCH(I$54, $B$48:$E$48, 0)), 0) -> 0 | ... M60: =IFERROR(INDEX($B$49:$E$52, MATCH($N60, $B$48:$E$48, 0), MATCH(M$54, $B$48:$E$48, 0)), 0) -> 0 | N60: U3Y
B61: =IFERROR(INDEX($B$49:$E$52, MATCH($N61, $B$48:$E$48, 0), MATCH(B$54, $B$48:$E$48, 0)), 0) -> 0 | C61: =IFERROR(INDEX($B$49:$E$52, MATCH($N61, $B$48:$E$48, 0), MATCH(C$54, $B$48:$E$48, 0)), 0) -> 0 | D61: =IFERROR(INDEX($B$49:$E$52, MATCH($N61, $B$48:$E$48, 0), MATCH(D$54, $B$48:$E$48, 0)), 0) -> 0 | E61: =IFERROR(INDEX($B$49:$E$52, MATCH($N61, $B$48:$E$48, 0), MATCH(E$54, $B$48:$E$48, 0)), 0) -> 0 | F61: =IFERROR(INDEX($B$49:$E$52, MATCH($N61, $B$48:$E$48, 0), MATCH(F$54, $B$48:$E$48, 0)), 0) -> -3000 | G61: =IFERROR(INDEX($B$49:$E$52, MATCH($N61, $B$48:$E$48, 0), MATCH(G$54, $B$48:$E$48, 0)), 0) -> 0 | H61: =IFERROR(INDEX($B$49:$E$52, MATCH($N61, $B$48:$E$48, 0), MATCH(H$54, $B$48:$E$48, 0)), 0) -> 3000 | I61: =IFERROR(INDEX($B$49:$E$52, MATCH($N61, $B$48:$E$48, 0), MATCH(I$54, $B$48:$E$48, 0)), 0) -> 0 | ... M61: =IFERROR(INDEX($B$49:$E$52, MATCH($N61, $B$48:$E$48, 0), MATCH(M$54, $B$48:$E$48, 0)), 0) -> 0 | N61: U4X
B62: =IFERROR(INDEX($B$49:$E$52, MATCH($N62, $B$48:$E$48, 0), MATCH(B$54, $B$48:$E$48, 0)), 0) -> 0 | C62: =IFERROR(INDEX($B$49:$E$52, MATCH($N62, $B$48:$E$48, 0), MATCH(C$54, $B$48:$E$48, 0)), 0) -> 0 | D62: =IFERROR(INDEX($B$49:$E$52, MATCH($N62, $B$48:$E$48, 0), MATCH(D$54, $B$48:$E$48, 0)), 0) -> 0 | E62: =IFERROR(INDEX($B$49:$E$52, MATCH($N62, $B$48:$E$48, 0), MATCH(E$54, $B$48:$E$48, 0)), 0) -> 0 | F62: =IFERROR(INDEX($B$49:$E$52, MATCH($N62, $B$48:$E$48, 0), MATCH(F$54, $B$48:$E$48, 0)), 0) -> 0 | G62: =IFERROR(INDEX($B$49:$E$52, MATCH($N62, $B$48:$E$48, 0), MATCH(G$54, $B$48:$E$48, 0)), 0) -> 0 | H62: =IFERROR(INDEX($B$49:$E$52, MATCH($N62, $B$48:$E$48, 0), MATCH(H$54, $B$48:$E$48, 0)), 0) -> 0 | I62: =IFERROR(INDEX($B$49:$E$52, MATCH($N62, $B$48:$E$48, 0), MATCH(I$54, $B$48:$E$48, 0)), 0) -> 0 | ... M62: =IFERROR(INDEX($B$49:$E$52, MATCH($N62, $B$48:$E$48, 0), MATCH(M$54, $B$48:$E$48, 0)), 0) -> 0 | N62: U4Y
B63: =IFERROR(INDEX($B$49:$E$52, MATCH($N63, $B$48:$E$48, 0), MATCH(B$54, $B$48:$E$48, 0)), 0) -> 0 | C63: =IFERROR(INDEX($B$49:$E$52, MATCH($N63, $B$48:$E$48, 0), MATCH(C$54, $B$48:$E$48, 0)), 0) -> 0 | D63: =IFERROR(INDEX($B$49:$E$52, MATCH($N63, $B$48:$E$48, 0), MATCH(D$54, $B$48:$E$48, 0)), 0) -> 0 | E63: =IFERROR(INDEX($B$49:$E$52, MATCH($N63, $B$48:$E$48, 0), MATCH(E$54, $B$48:$E$48, 0)), 0) -> 0 | F63: =IFERROR(INDEX($B$49:$E$52, MATCH($N63, $B$48:$E$48, 0), MATCH(F$54, $B$48:$E$48, 0)), 0) -> 0 | G63: =IFERROR(INDEX($B$49:$E$52, MATCH($N63, $B$48:$E$48, 0), MATCH(G$54, $B$48:$E$48, 0)), 0) -> 0 | H63: =IFERROR(INDEX($B$49:$E$52, MATCH($N63, $B$48:$E$48, 0), MATCH(H$54, $B$48:$E$48, 0)), 0) -> 0 | I63: =IFERROR(INDEX($B$49:$E$52, MATCH($N63, $B$48:$E$48, 0), MATCH(I$54, $B$48:$E$48, 0)), 0) -> 0 | ... M63: =IFERROR(INDEX($B$49:$E$52, MATCH($N63, $B$48:$E$48, 0), MATCH(M$54, $B$48:$E$48, 0)), 0) -> 0 | N63: U5X
B64: =IFERROR(INDEX($B$49:$E$52, MATCH($N64, $B$48:$E$48, 0), MATCH(B$54, $B$48:$E$48, 0)), 0) -> 0 | C64: =IFERROR(INDEX($B$49:$E$52, MATCH($N64, $B$48:$E$48, 0), MATCH(C$54, $B$48:$E$48, 0)), 0) -> 0 | D64: =IFERROR(INDEX($B$49:$E$52, MATCH($N64, $B$48:$E$48, 0), MATCH(D$54, $B$48:$E$48, 0)), 0) -> 0 | E64: =IFERROR(INDEX($B$49:$E$52, MATCH($N64, $B$48:$E$48, 0), MATCH(E$54, $B$48:$E$48, 0)), 0) -> 0 | F64: =IFERROR(INDEX($B$49:$E$52, MATCH($N64, $B$48:$E$48, 0), MATCH(F$54, $B$48:$E$48, 0)), 0) -> 0 | G64: =IFERROR(INDEX($B$49:$E$52, MATCH($N64, $B$48:$E$48, 0), MATCH(G$54, $B$48:$E$48, 0)), 0) -> 0 | H64: =IFERROR(INDEX($B$49:$E$52, MATCH($N64, $B$48:$E$48, 0), MATCH(H$54, $B$48:$E$48, 0)), 0) -> 0 | I64: =IFERROR(INDEX($B$49:$E$52, MATCH($N64, $B$48:$E$48, 0), MATCH(I$54, $B$48:$E$48, 0)), 0) -> 0 | ... M64: =IFERROR(INDEX($B$49:$E$52, MATCH($N64, $B$48:$E$48, 0), MATCH(M$54, $B$48:$E$48, 0)), 0) -> 0 | N64: U5Y
B65: =IFERROR(INDEX($B$49:$E$52, MATCH($N65, $B$48:$E$48, 0), MATCH(B$54, $B$48:$E$48, 0)), 0) -> 0 | C65: =IFERROR(INDEX($B$49:$E$52, MATCH($N65, $B$48:$E$48, 0), MATCH(C$54, $B$48:$E$48, 0)), 0) -> 0 | D65: =IFERROR(INDEX($B$49:$E$52, MATCH($N65, $B$48:$E$48, 0), MATCH(D$54, $B$48:$E$48, 0)), 0) -> 0 | E65: =IFERROR(INDEX($B$49:$E$52, MATCH($N65, $B$48:$E$48, 0), MATCH(E$54, $B$48:$E$48, 0)), 0) -> 0 | F65: =IFERROR(INDEX($B$49:$E$52, MATCH($N65, $B$48:$E$48, 0), MATCH(F$54, $B$48:$E$48, 0)), 0) -> 0 | G65: =IFERROR(INDEX($B$49:$E$52, MATCH($N65, $B$48:$E$48, 0), MATCH(G$54, $B$48:$E$48, 0)), 0) -> 0 | H65: =IFERROR(INDEX($B$49:$E$52, MATCH($N65, $B$48:$E$48, 0), MATCH(H$54, $B$48:$E$48, 0)), 0) -> 0 | I65: =IFERROR(INDEX($B$49:$E$52, MATCH($N65, $B$48:$E$48, 0), MATCH(I$54, $B$48:$E$48, 0)), 0) -> 0 | ... M65: =IFERROR(INDEX($B$49:$E$52, MATCH($N65, $B$48:$E$48, 0), MATCH(M$54, $B$48:$E$48, 0)), 0) -> 0 | N65: U6X
B66: =IFERROR(INDEX($B$49:$E$52, MATCH($N66, $B$48:$E$48, 0), MATCH(B$54, $B$48:$E$48, 0)), 0) -> 0 | C66: =IFERROR(INDEX($B$49:$E$52, MATCH($N66, $B$48:$E$48, 0), MATCH(C$54, $B$48:$E$48, 0)), 0) -> 0 | D66: =IFERROR(INDEX($B$49:$E$52, MATCH($N66, $B$48:$E$48, 0), MATCH(D$54, $B$48:$E$48, 0)), 0) -> 0 | E66: =IFERROR(INDEX($B$49:$E$52, MATCH($N66, $B$48:$E$48, 0), MATCH(E$54, $B$48:$E$48, 0)), 0) -> 0 | F66: =IFERROR(INDEX($B$49:$E$52, MATCH($N66, $B$48:$E$48, 0), MATCH(F$54, $B$48:$E$48, 0)), 0) -> 0 | G66: =IFERROR(INDEX($B$49:$E$52, MATCH($N66, $B$48:$E$48, 0), MATCH(G$54, $B$48:$E$48, 0)), 0) -> 0 | H66: =IFERROR(INDEX($B$49:$E$52, MATCH($N66, $B$48:$E$48, 0), MATCH(H$54, $B$48:$E$48, 0)), 0) -> 0 | I66: =IFERROR(INDEX($B$49:$E$52, MATCH($N66, $B$48:$E$48, 0), MATCH(I$54, $B$48:$E$48, 0)), 0) -> 0 | ... M66: =IFERROR(INDEX($B$49:$E$52, MATCH($N66, $B$48:$E$48, 0), MATCH(M$54, $B$48:$E$48, 0)), 0) -> 0 | N66: U6Y
A69: k3= | B69: =IF(D19="","-",D19) -> U1X | C69: =IF(E19="","-",E19) -> U1Y | D69: =IF(G19="","-",G19) -> U4X | E69: =IF(H19="","-",H19) -> U4Y
B70: =IF(N8=0, 0, N8*J8*J8) -> 214.00202 | C70: =IF(N8=0, 0, N8*J8*K8) -> -856.00809 | D70: =IF(N8=0, 0, -N8*J8*J8) -> -214.00202 | E70: =IF(N8=0, 0, -N8*J8*K8) -> 856.00809 | F70: =IF(D19="","-",D19) -> U1X
B71: =IF(N8=0, 0, N8*J8*K8) -> -856.00809 | C71: =IF(N8=0, 0, N8*K8*K8) -> 3424.0324 | D71: =IF(N8=0, 0, -N8*J8*K8) -> 856.00809 | E71: =IF(N8=0, 0, -N8*K8*K8) -> -3424.0324 | F71: =IF(E19="","-",E19) -> U1Y
B72: =IF(N8=0, 0, -N8*J8*J8) -> -214.00202 | C72: =IF(N8=0, 0, -N8*J8*K8) -> 856.00809 | D72: =IF(N8=0, 0, N8*J8*J8) -> 214.00202 | E72: =IF(N8=0, 0, N8*J8*K8) -> -856.00809 | F72: =IF(G19="","-",G19) -> U4X
B73: =IF(N8=0, 0, -N8*J8*K8) -> 856.00809 | C73: =IF(N8=0, 0, -N8*K8*K8) -> -3424.0324 | D73: =IF(N8=0, 0, N8*J8*K8) -> -856.00809 | E73: =IF(N8=0, 0, N8*K8*K8) -> 3424.0324 | F73: =IF(H19="","-",H19) -> U4Y
B75: U1X | C75: U1Y | D75: U2X | E75: U2Y | F75: U3X | G75: U3Y | H75: U4X | I75: U4Y | J75: U5X | K75: U5Y | L75: U6X | M75: U6Y
B76: =IFERROR(INDEX($B$70:$E$73, MATCH($N76, $B$69:$E$69, 0), MATCH(B$75, $B$69:$E$69, 0)), 0) -> 214.00202 | C76: =IFERROR(INDEX($B$70:$E$73, MATCH($N76, $B$69:$E$69, 0), MATCH(C$75, $B$69:$E$69, 0)), 0) -> -856.00809 | D76: =IFERROR(INDEX($B$70:$E$73, MATCH($N76, $B$69:$E$69, 0), MATCH(D$75, $B$69:$E$69, 0)), 0) -> 0 | E76: =IFERROR(INDEX($B$70:$E$73, MATCH($N76, $B$69:$E$69, 0), MATCH(E$75, $B$69:$E$69, 0)), 0) -> 0 | F76: =IFERROR(INDEX($B$70:$E$73, MATCH($N76, $B$69:$E$69, 0), MATCH(F$75, $B$69:$E$69, 0)), 0) -> 0 | G76: =IFERROR(INDEX($B$70:$E$73, MATCH($N76, $B$69:$E$69, 0), MATCH(G$75, $B$69:$E$69, 0)), 0) -> 0 | H76: =IFERROR(INDEX($B$70:$E$73, MATCH($N76, $B$69:$E$69, 0), MATCH(H$75, $B$69:$E$69, 0)), 0) -> -214.00202 | I76: =IFERROR(INDEX($B$70:$E$73, MATCH($N76, $B$69:$E$69, 0), MATCH(I$75, $B$69:$E$69, 0)), 0) -> 856.00809 | ... M76: =IFERROR(INDEX($B$70:$E$73, MATCH($N76, $B$69:$E$69, 0), MATCH(M$75, $B$69:$E$69, 0)), 0) -> 0 | N76: U1X
B77: =IFERROR(INDEX($B$70:$E$73, MATCH($N77, $B$69:$E$69, 0), MATCH(B$75, $B$69:$E$69, 0)), 0) -> -856.00809 | C77: =IFERROR(INDEX($B$70:$E$73, MATCH($N77, $B$69:$E$69, 0), MATCH(C$75, $B$69:$E$69, 0)), 0) -> 3424.0324 | D77: =IFERROR(INDEX($B$70:$E$73, MATCH($N77, $B$69:$E$69, 0), MATCH(D$75, $B$69:$E$69, 0)), 0) -> 0 | E77: =IFERROR(INDEX($B$70:$E$73, MATCH($N77, $B$69:$E$69, 0), MATCH(E$75, $B$69:$E$69, 0)), 0) -> 0 | F77: =IFERROR(INDEX($B$70:$E$73, MATCH($N77, $B$69:$E$69, 0), MATCH(F$75, $B$69:$E$69, 0)), 0) -> 0 | G77: =IFERROR(INDEX($B$70:$E$73, MATCH($N77, $B$69:$E$69, 0), MATCH(G$75, $B$69:$E$69, 0)), 0) -> 0 | H77: =IFERROR(INDEX($B$70:$E$73, MATCH($N77, $B$69:$E$69, 0), MATCH(H$75, $B$69:$E$69, 0)), 0) -> 856.00809 | I77: =IFERROR(INDEX($B$70:$E$73, MATCH($N77, $B$69:$E$69, 0), MATCH(I$75, $B$69:$E$69, 0)), 0) -> -3424.0324 | ... M77: =IFERROR(INDEX($B$70:$E$73, MATCH($N77, $B$69:$E$69, 0), MATCH(M$75, $B$69:$E$69, 0)), 0) -> 0 | N77: U1Y
B78: =IFERROR(INDEX($B$70:$E$73, MATCH($N78, $B$69:$E$69, 0), MATCH(B$75, $B$69:$E$69, 0)), 0) -> 0 | C78: =IFERROR(INDEX($B$70:$E$73, MATCH($N78, $B$69:$E$69, 0), MATCH(C$75, $B$69:$E$69, 0)), 0) -> 0 | D78: =IFERROR(INDEX($B$70:$E$73, MATCH($N78, $B$69:$E$69, 0), MATCH(D$75, $B$69:$E$69, 0)), 0) -> 0 | E78: =IFERROR(INDEX($B$70:$E$73, MATCH($N78, $B$69:$E$69, 0), MATCH(E$75, $B$69:$E$69, 0)), 0) -> 0 | F78: =IFERROR(INDEX($B$70:$E$73, MATCH($N78, $B$69:$E$69, 0), MATCH(F$75, $B$69:$E$69, 0)), 0) -> 0 | G78: =IFERROR(INDEX($B$70:$E$73, MATCH($N78, $B$69:$E$69, 0), MATCH(G$75, $B$69:$E$69, 0)), 0) -> 0 | H78: =IFERROR(INDEX($B$70:$E$73, MATCH($N78, $B$69:$E$69, 0), MATCH(H$75, $B$69:$E$69, 0)), 0) -> 0 | I78: =IFERROR(INDEX($B$70:$E$73, MATCH($N78, $B$69:$E$69, 0), MATCH(I$75, $B$69:$E$69, 0)), 0) -> 0 | ... M78: =IFERROR(INDEX($B$70:$E$73, MATCH($N78, $B$69:$E$69, 0), MATCH(M$75, $B$69:$E$69, 0)), 0) -> 0 | N78: U2X
B79: =IFERROR(INDEX($B$70:$E$73, MATCH($N79, $B$69:$E$69, 0), MATCH(B$75, $B$69:$E$69, 0)), 0) -> 0 | C79: =IFERROR(INDEX($B$70:$E$73, MATCH($N79, $B$69:$E$69, 0), MATCH(C$75, $B$69:$E$69, 0)), 0) -> 0 | D79: =IFERROR(INDEX($B$70:$E$73, MATCH($N79, $B$69:$E$69, 0), MATCH(D$75, $B$69:$E$69, 0)), 0) -> 0 | E79: =IFERROR(INDEX($B$70:$E$73, MATCH($N79, $B$69:$E$69, 0), MATCH(E$75, $B$69:$E$69, 0)), 0) -> 0 | F79: =IFERROR(INDEX($B$70:$E$73, MATCH($N79, $B$69:$E$69, 0), MATCH(F$75, $B$69:$E$69, 0)), 0) -> 0 | G79: =IFERROR(INDEX($B$70:$E$73, MATCH($N79, $B$69:$E$69, 0), MATCH(G$75, $B$69:$E$69, 0)), 0) -> 0 | H79: =IFERROR(INDEX($B$70:$E$73, MATCH($N79, $B$69:$E$69, 0), MATCH(H$75, $B$69:$E$69, 0)), 0) -> 0 | I79: =IFERROR(INDEX($B$70:$E$73, MATCH($N79, $B$69:$E$69, 0), MATCH(I$75, $B$69:$E$69, 0)), 0) -> 0 | ... M79: =IFERROR(INDEX($B$70:$E$73, MATCH($N79, $B$69:$E$69, 0), MATCH(M$75, $B$69:$E$69, 0)), 0) -> 0 | N79: U2Y
B80: =IFERROR(INDEX($B$70:$E$73, MATCH($N80, $B$69:$E$69, 0), MATCH(B$75, $B$69:$E$69, 0)), 0) -> 0 | C80: =IFERROR(INDEX($B$70:$E$73, MATCH($N80, $B$69:$E$69, 0), MATCH(C$75, $B$69:$E$69, 0)), 0) -> 0 | D80: =IFERROR(INDEX($B$70:$E$73, MATCH($N80, $B$69:$E$69, 0), MATCH(D$75, $B$69:$E$69, 0)), 0) -> 0 | E80: =IFERROR(INDEX($B$70:$E$73, MATCH($N80, $B$69:$E$69, 0), MATCH(E$75, $B$69:$E$69, 0)), 0) -> 0 | F80: =IFERROR(INDEX($B$70:$E$73, MATCH($N80, $B$69:$E$69, 0), MATCH(F$75, $B$69:$E$69, 0)), 0) -> 0 | G80: =IFERROR(INDEX($B$70:$E$73, MATCH($N80, $B$69:$E$69, 0), MATCH(G$75, $B$69:$E$69, 0)), 0) -> 0 | H80: =IFERROR(INDEX($B$70:$E$73, MATCH($N80, $B$69:$E$69, 0), MATCH(H$75, $B$69:$E$69, 0)), 0) -> 0 | I80: =IFERROR(INDEX($B$70:$E$73, MATCH($N80, $B$69:$E$69, 0), MATCH(I$75, $B$69:$E$69, 0)), 0) -> 0 | ... M80: =IFERROR(INDEX($B$70:$E$73, MATCH($N80, $B$69:$E$69, 0), MATCH(M$75, $B$69:$E$69, 0)), 0) -> 0 | N80: U3X
A81: K3= | B81: =IFERROR(INDEX($B$70:$E$73, MATCH($N81, $B$69:$E$69, 0), MATCH(B$75, $B$69:$E$69, 0)), 0) -> 0 | C81: =IFERROR(INDEX($B$70:$E$73, MATCH($N81, $B$69:$E$69, 0), MATCH(C$75, $B$69:$E$69, 0)), 0) -> 0 | D81: =IFERROR(INDEX($B$70:$E$73, MATCH($N81, $B$69:$E$69, 0), MATCH(D$75, $B$69:$E$69, 0)), 0) -> 0 | E81: =IFERROR(INDEX($B$70:$E$73, MATCH($N81, $B$69:$E$69, 0), MATCH(E$75, $B$69:$E$69, 0)), 0) -> 0 | F81: =IFERROR(INDEX($B$70:$E$73, MATCH($N81, $B$69:$E$69, 0), MATCH(F$75, $B$69:$E$69, 0)), 0) -> 0 | G81: =IFERROR(INDEX($B$70:$E$73, MATCH($N81, $B$69:$E$69, 0), MATCH(G$75, $B$69:$E$69, 0)), 0) -> 0 | H81: =IFERROR(INDEX($B$70:$E$73, MATCH($N81, $B$69:$E$69, 0), MATCH(H$75, $B$69:$E$69, 0)), 0) -> 0 | I81: =IFERROR(INDEX($B$70:$E$73, MATCH($N81, $B$69:$E$69, 0), MATCH(I$75, $B$69:$E$69, 0)), 0) -> 0 | ... M81: =IFERROR(INDEX($B$70:$E$73, MATCH($N81, $B$69:$E$69, 0), MATCH(M$75, $B$69:$E$69, 0)), 0) -> 0 | N81: U3Y
B82: =IFERROR(INDEX($B$70:$E$73, MATCH($N82, $B$69:$E$69, 0), MATCH(B$75, $B$69:$E$69, 0)), 0) -> -214.00202 | C82: =IFERROR(INDEX($B$70:$E$73, MATCH($N82, $B$69:$E$69, 0), MATCH(C$75, $B$69:$E$69, 0)), 0) -> 856.00809 | D82: =IFERROR(INDEX($B$70:$E$73, MATCH($N82, $B$69:$E$69, 0), MATCH(D$75, $B$69:$E$69, 0)), 0) -> 0 | E82: =IFERROR(INDEX($B$70:$E$73, MATCH($N82, $B$69:$E$69, 0), MATCH(E$75, $B$69:$E$69, 0)), 0) -> 0 | F82: =IFERROR(INDEX($B$70:$E$73, MATCH($N82, $B$69:$E$69, 0), MATCH(F$75, $B$69:$E$69, 0)), 0) -> 0 | G82: =IFERROR(INDEX($B$70:$E$73, MATCH($N82, $B$69:$E$69, 0), MATCH(G$75, $B$69:$E$69, 0)), 0) -> 0 | H82: =IFERROR(INDEX($B$70:$E$73, MATCH($N82, $B$69:$E$69, 0), MATCH(H$75, $B$69:$E$69, 0)), 0) -> 214.00202 | I82: =IFERROR(INDEX($B$70:$E$73, MATCH($N82, $B$69:$E$69, 0), MATCH(I$75, $B$69:$E$69, 0)), 0) -> -856.00809 | ... M82: =IFERROR(INDEX($B$70:$E$73, MATCH($N82, $B$69:$E$69, 0), MATCH(M$75, $B$69:$E$69, 0)), 0) -> 0 | N82: U4X
B83: =IFERROR(INDEX($B$70:$E$73, MATCH($N83, $B$69:$E$69, 0), MATCH(B$75, $B$69:$E$69, 0)), 0) -> 856.00809 | C83: =IFERROR(INDEX($B$70:$E$73, MATCH($N83, $B$69:$E$69, 0), MATCH(C$75, $B$69:$E$69, 0)), 0) -> -3424.0324 | D83: =IFERROR(INDEX($B$70:$E$73, MATCH($N83, $B$69:$E$69, 0), MATCH(D$75, $B$69:$E$69, 0)), 0) -> 0 | E83: =IFERROR(INDEX($B$70:$E$73, MATCH($N83, $B$69:$E$69, 0), MATCH(E$75, $B$69:$E$69, 0)), 0) -> 0 | F83: =IFERROR(INDEX($B$70:$E$73, MATCH($N83, $B$69:$E$69, 0), MATCH(F$75, $B$69:$E$69, 0)), 0) -> 0 | G83: =IFERROR(INDEX($B$70:$E$73, MATCH($N83, $B$69:$E$69, 0), MATCH(G$75, $B$69:$E$69, 0)), 0) -> 0 | H83: =IFERROR(INDEX($B$70:$E$73, MATCH($N83, $B$69:$E$69, 0), MATCH(H$75, $B$69:$E$69, 0)), 0) -> -856.00809 | I83: =IFERROR(INDEX($B$70:$E$73, MATCH($N83, $B$69:$E$69, 0), MATCH(I$75, $B$69:$E$69, 0)), 0) -> 3424.0324 | ... M83: =IFERROR(INDEX($B$70:$E$73, MATCH($N83, $B$69:$E$69, 0), MATCH(M$75, $B$69:$E$69, 0)), 0) -> 0 | N83: U4Y
B84: =IFERROR(INDEX($B$70:$E$73, MATCH($N84, $B$69:$E$69, 0), MATCH(B$75, $B$69:$E$69, 0)), 0) -> 0 | C84: =IFERROR(INDEX($B$70:$E$73, MATCH($N84, $B$69:$E$69, 0), MATCH(C$75, $B$69:$E$69, 0)), 0) -> 0 | D84: =IFERROR(INDEX($B$70:$E$73, MATCH($N84, $B$69:$E$69, 0), MATCH(D$75, $B$69:$E$69, 0)), 0) -> 0 | E84: =IFERROR(INDEX($B$70:$E$73, MATCH($N84, $B$69:$E$69, 0), MATCH(E$75, $B$69:$E$69, 0)), 0) -> 0 | F84: =IFERROR(INDEX($B$70:$E$73, MATCH($N84, $B$69:$E$69, 0), MATCH(F$75, $B$69:$E$69, 0)), 0) -> 0 | G84: =IFERROR(INDEX($B$70:$E$73, MATCH($N84, $B$69:$E$69, 0), MATCH(G$75, $B$69:$E$69, 0)), 0) -> 0 | H84: =IFERROR(INDEX($B$70:$E$73, MATCH($N84, $B$69:$E$69, 0), MATCH(H$75, $B$69:$E$69, 0)), 0) -> 0 | I84: =IFERROR(INDEX($B$70:$E$73, MATCH($N84, $B$69:$E$69, 0), MATCH(I$75, $B$69:$E$69, 0)), 0) -> 0 | ... M84: =IFERROR(INDEX($B$70:$E$73, MATCH($N84, $B$69:$E$69, 0), MATCH(M$75, $B$69:$E$69, 0)), 0) -> 0 | N84: U5X
B85: =IFERROR(INDEX($B$70:$E$73, MATCH($N85, $B$69:$E$69, 0), MATCH(B$75, $B$69:$E$69, 0)), 0) -> 0 | C85: =IFERROR(INDEX($B$70:$E$73, MATCH($N85, $B$69:$E$69, 0), MATCH(C$75, $B$69:$E$69, 0)), 0) -> 0 | D85: =IFERROR(INDEX($B$70:$E$73, MATCH($N85, $B$69:$E$69, 0), MATCH(D$75, $B$69:$E$69, 0)), 0) -> 0 | E85: =IFERROR(INDEX($B$70:$E$73, MATCH($N85, $B$69:$E$69, 0), MATCH(E$75, $B$69:$E$69, 0)), 0) -> 0 | F85: =IFERROR(INDEX($B$70:$E$73, MATCH($N85, $B$69:$E$69, 0), MATCH(F$75, $B$69:$E$69, 0)), 0) -> 0 | G85: =IFERROR(INDEX($B$70:$E$73, MATCH($N85, $B$69:$E$69, 0), MATCH(G$75, $B$69:$E$69, 0)), 0) -> 0 | H85: =IFERROR(INDEX($B$70:$E$73, MATCH($N85, $B$69:$E$69, 0), MATCH(H$75, $B$69:$E$69, 0)), 0) -> 0 | I85: =IFERROR(INDEX($B$70:$E$73, MATCH($N85, $B$69:$E$69, 0), MATCH(I$75, $B$69:$E$69, 0)), 0) -> 0 | ... M85: =IFERROR(INDEX($B$70:$E$73, MATCH($N85, $B$69:$E$69, 0), MATCH(M$75, $B$69:$E$69, 0)), 0) -> 0 | N85: U5Y
B86: =IFERROR(INDEX($B$70:$E$73, MATCH($N86, $B$69:$E$69, 0), MATCH(B$75, $B$69:$E$69, 0)), 0) -> 0 | C86: =IFERROR(INDEX($B$70:$E$73, MATCH($N86, $B$69:$E$69, 0), MATCH(C$75, $B$69:$E$69, 0)), 0) -> 0 | D86: =IFERROR(INDEX($B$70:$E$73, MATCH($N86, $B$69:$E$69, 0), MATCH(D$75, $B$69:$E$69, 0)), 0) -> 0 | E86: =IFERROR(INDEX($B$70:$E$73, MATCH($N86, $B$69:$E$69, 0), MATCH(E$75, $B$69:$E$69, 0)), 0) -> 0 | F86: =IFERROR(INDEX($B$70:$E$73, MATCH($N86, $B$69:$E$69, 0), MATCH(F$75, $B$69:$E$69, 0)), 0) -> 0 | G86: =IFERROR(INDEX($B$70:$E$73, MATCH($N86, $B$69:$E$69, 0), MATCH(G$75, $B$69:$E$69, 0)), 0) -> 0 | H86: =IFERROR(INDEX($B$70:$E$73, MATCH($N86, $B$69:$E$69, 0), MATCH(H$75, $B$69:$E$69, 0)), 0) -> 0 | I86: =IFERROR(INDEX($B$70:$E$73, MATCH($N86, $B$69:$E$69, 0), MATCH(I$75, $B$69:$E$69, 0)), 0) -> 0 | ... M86: =IFERROR(INDEX($B$70:$E$73, MATCH($N86, $B$69:$E$69, 0), MATCH(M$75, $B$69:$E$69, 0)), 0) -> 0 | N86: U6X
B87: =IFERROR(INDEX($B$70:$E$73, MATCH($N87, $B$69:$E$69, 0), MATCH(B$75, $B$69:$E$69, 0)), 0) -> 0 | C87: =IFERROR(INDEX($B$70:$E$73, MATCH($N87, $B$69:$E$69, 0), MATCH(C$75, $B$69:$E$69, 0)), 0) -> 0 | D87: =IFERROR(INDEX($B$70:$E$73, MATCH($N87, $B$69:$E$69, 0), MATCH(D$75, $B$69:$E$69, 0)), 0) -> 0 | E87: =IFERROR(INDEX($B$70:$E$73, MATCH($N87, $B$69:$E$69, 0), MATCH(E$75, $B$69:$E$69, 0)), 0) -> 0 | F87: =IFERROR(INDEX($B$70:$E$73, MATCH($N87, $B$69:$E$69, 0), MATCH(F$75, $B$69:$E$69, 0)), 0) -> 0 | G87: =IFERROR(INDEX($B$70:$E$73, MATCH($N87, $B$69:$E$69, 0), MATCH(G$75, $B$69:$E$69, 0)), 0) -> 0 | H87: =IFERROR(INDEX($B$70:$E$73, MATCH($N87, $B$69:$E$69, 0), MATCH(H$75, $B$69:$E$69, 0)), 0) -> 0 | I87: =IFERROR(INDEX($B$70:$E$73, MATCH($N87, $B$69:$E$69, 0), MATCH(I$75, $B$69:$E$69, 0)), 0) -> 0 | ... M87: =IFERROR(INDEX($B$70:$E$73, MATCH($N87, $B$69:$E$69, 0), MATCH(M$75, $B$69:$E$69, 0)), 0) -> 0 | N87: U6Y
A90: k4= | B90: =IF(D20="","-",D20) -> U2X | C90: =IF(E20="","-",E20) -> U2Y | D90: =IF(G20="","-",G20) -> U4X | E90: =IF(H20="","-",H20) -> U4Y
B91: =IF(N9=0, 0, N9*J9*J9) -> 1920 | C91: =IF(N9=0, 0, N9*J9*K9) -> -1440 | D91: =IF(N9=0, 0, -N9*J9*J9) -> -1920 | E91: =IF(N9=0, 0, -N9*J9*K9) -> 1440 | F91: =IF(D20="","-",D20) -> U2X
B92: =IF(N9=0, 0, N9*J9*K9) -> -1440 | C92: =IF(N9=0, 0, N9*K9*K9) -> 1080 | D92: =IF(N9=0, 0, -N9*J9*K9) -> 1440 | E92: =IF(N9=0, 0, -N9*K9*K9) -> -1080 | F92: =IF(E20="","-",E20) -> U2Y
B93: =IF(N9=0, 0, -N9*J9*J9) -> -1920 | C93: =IF(N9=0, 0, -N9*J9*K9) -> 1440 | D93: =IF(N9=0, 0, N9*J9*J9) -> 1920 | E93: =IF(N9=0, 0, N9*J9*K9) -> -1440 | F93: =IF(G20="","-",G20) -> U4X
B94: =IF(N9=0, 0, -N9*J9*K9) -> 1440 | C94: =IF(N9=0, 0, -N9*K9*K9) -> -1080 | D94: =IF(N9=0, 0, N9*J9*K9) -> -1440 | E94: =IF(N9=0, 0, N9*K9*K9) -> 1080 | F94: =IF(H20="","-",H20) -> U4Y
B96: U1X | C96: U1Y | D96: U2X | E96: U2Y | F96: U3X | G96: U3Y | H96: U4X | I96: U4Y | J96: U5X | K96: U5Y | L96: U6X | M96: U6Y
B97: =IFERROR(INDEX($B$91:$E$94, MATCH($N97, $B$90:$E$90, 0), MATCH(B$96, $B$90:$E$90, 0)), 0) -> 0 | C97: =IFERROR(INDEX($B$91:$E$94, MATCH($N97, $B$90:$E$90, 0), MATCH(C$96, $B$90:$E$90, 0)), 0) -> 0 | D97: =IFERROR(INDEX($B$91:$E$94, MATCH($N97, $B$90:$E$90, 0), MATCH(D$96, $B$90:$E$90, 0)), 0) -> 0 | E97: =IFERROR(INDEX($B$91:$E$94, MATCH($N97, $B$90:$E$90, 0), MATCH(E$96, $B$90:$E$90, 0)), 0) -> 0 | F97: =IFERROR(INDEX($B$91:$E$94, MATCH($N97, $B$90:$E$90, 0), MATCH(F$96, $B$90:$E$90, 0)), 0) -> 0 | G97: =IFERROR(INDEX($B$91:$E$94, MATCH($N97, $B$90:$E$90, 0), MATCH(G$96, $B$90:$E$90, 0)), 0) -> 0 | H97: =IFERROR(INDEX($B$91:$E$94, MATCH($N97, $B$90:$E$90, 0), MATCH(H$96, $B$90:$E$90, 0)), 0) -> 0 | I97: =IFERROR(INDEX($B$91:$E$94, MATCH($N97, $B$90:$E$90, 0), MATCH(I$96, $B$90:$E$90, 0)), 0) -> 0 | ... M97: =IFERROR(INDEX($B$91:$E$94, MATCH($N97, $B$90:$E$90, 0), MATCH(M$96, $B$90:$E$90, 0)), 0) -> 0 | N97: U1X
B98: =IFERROR(INDEX($B$91:$E$94, MATCH($N98, $B$90:$E$90, 0), MATCH(B$96, $B$90:$E$90, 0)), 0) -> 0 | C98: =IFERROR(INDEX($B$91:$E$94, MATCH($N98, $B$90:$E$90, 0), MATCH(C$96, $B$90:$E$90, 0)), 0) -> 0 | D98: =IFERROR(INDEX($B$91:$E$94, MATCH($N98, $B$90:$E$90, 0), MATCH(D$96, $B$90:$E$90, 0)), 0) -> 0 | E98: =IFERROR(INDEX($B$91:$E$94, MATCH($N98, $B$90:$E$90, 0), MATCH(E$96, $B$90:$E$90, 0)), 0) -> 0 | F98: =IFERROR(INDEX($B$91:$E$94, MATCH($N98, $B$90:$E$90, 0), MATCH(F$96, $B$90:$E$90, 0)), 0) -> 0 | G98: =IFERROR(INDEX($B$91:$E$94, MATCH($N98, $B$90:$E$90, 0), MATCH(G$96, $B$90:$E$90, 0)), 0) -> 0 | H98: =IFERROR(INDEX($B$91:$E$94, MATCH($N98, $B$90:$E$90, 0), MATCH(H$96, $B$90:$E$90, 0)), 0) -> 0 | I98: =IFERROR(INDEX($B$91:$E$94, MATCH($N98, $B$90:$E$90, 0), MATCH(I$96, $B$90:$E$90, 0)), 0) -> 0 | ... M98: =IFERROR(INDEX($B$91:$E$94, MATCH($N98, $B$90:$E$90, 0), MATCH(M$96, $B$90:$E$90, 0)), 0) -> 0 | N98: U1Y
B99: =IFERROR(INDEX($B$91:$E$94, MATCH($N99, $B$90:$E$90, 0), MATCH(B$96, $B$90:$E$90, 0)), 0) -> 0 | C99: =IFERROR(INDEX($B$91:$E$94, MATCH($N99, $B$90:$E$90, 0), MATCH(C$96, $B$90:$E$90, 0)), 0) -> 0 | D99: =IFERROR(INDEX($B$91:$E$94, MATCH($N99, $B$90:$E$90, 0), MATCH(D$96, $B$90:$E$90, 0)), 0) -> 1920 | E99: =IFERROR(INDEX($B$91:$E$94, MATCH($N99, $B$90:$E$90, 0), MATCH(E$96, $B$90:$E$90, 0)), 0) -> -1440 | F99: =IFERROR(INDEX($B$91:$E$94, MATCH($N99, $B$90:$E$90, 0), MATCH(F$96, $B$90:$E$90, 0)), 0) -> 0 | G99: =IFERROR(INDEX($B$91:$E$94, MATCH($N99, $B$90:$E$90, 0), MATCH(G$96, $B$90:$E$90, 0)), 0) -> 0 | H99: =IFERROR(INDEX($B$91:$E$94, MATCH($N99, $B$90:$E$90, 0), MATCH(H$96, $B$90:$E$90, 0)), 0) -> -1920 | I99: =IFERROR(INDEX($B$91:$E$94, MATCH($N99, $B$90:$E$90, 0), MATCH(I$96, $B$90:$E$90, 0)), 0) -> 1440 | ... M99: =IFERROR(INDEX($B$91:$E$94, MATCH($N99, $B$90:$E$90, 0), MATCH(M$96, $B$90:$E$90, 0)), 0) -> 0 | N99: U2X
B100: =IFERROR(INDEX($B$91:$E$94, MATCH($N100, $B$90:$E$90, 0), MATCH(B$96, $B$90:$E$90, 0)), 0) -> 0 | C100: =IFERROR(INDEX($B$91:$E$94, MATCH($N100, $B$90:$E$90, 0), MATCH(C$96, $B$90:$E$90, 0)), 0) -> 0 | D100: =IFERROR(INDEX($B$91:$E$94, MATCH($N100, $B$90:$E$90, 0), MATCH(D$96, $B$90:$E$90, 0)), 0) -> -1440 | E100: =IFERROR(INDEX($B$91:$E$94, MATCH($N100, $B$90:$E$90, 0), MATCH(E$96, $B$90:$E$90, 0)), 0) -> 1080 | F100: =IFERROR(INDEX($B$91:$E$94, MATCH($N100, $B$90:$E$90, 0), MATCH(F$96, $B$90:$E$90, 0)), 0) -> 0 | G100: =IFERROR(INDEX($B$91:$E$94, MATCH($N100, $B$90:$E$90, 0), MATCH(G$96, $B$90:$E$90, 0)), 0) -> 0 | H100: =IFERROR(INDEX($B$91:$E$94, MATCH($N100, $B$90:$E$90, 0), MATCH(H$96, $B$90:$E$90, 0)), 0) -> 1440 | I100: =IFERROR(INDEX($B$91:$E$94, MATCH($N100, $B$90:$E$90, 0), MATCH(I$96, $B$90:$E$90, 0)), 0) -> -1080 | ... M100: =IFERROR(INDEX($B$91:$E$94, MATCH($N100, $B$90:$E$90, 0), MATCH(M$96, $B$90:$E$90, 0)), 0) -> 0 | N100: U2Y
B101: =IFERROR(INDEX($B$91:$E$94, MATCH($N101, $B$90:$E$90, 0), MATCH(B$96, $B$90:$E$90, 0)), 0) -> 0 | C101: =IFERROR(INDEX($B$91:$E$94, MATCH($N101, $B$90:$E$90, 0), MATCH(C$96, $B$90:$E$90, 0)), 0) -> 0 | D101: =IFERROR(INDEX($B$91:$E$94, MATCH($N101, $B$90:$E$90, 0), MATCH(D$96, $B$90:$E$90, 0)), 0) -> 0 | E101: =IFERROR(INDEX($B$91:$E$94, MATCH($N101, $B$90:$E$90, 0), MATCH(E$96, $B$90:$E$90, 0)), 0) -> 0 | F101: =IFERROR(INDEX($B$91:$E$94, MATCH($N101, $B$90:$E$90, 0), MATCH(F$96, $B$90:$E$90, 0)), 0) -> 0 | G101: =IFERROR(INDEX($B$91:$E$94, MATCH($N101, $B$90:$E$90, 0), MATCH(G$96, $B$90:$E$90, 0)), 0) -> 0 | H101: =IFERROR(INDEX($B$91:$E$94, MATCH($N101, $B$90:$E$90, 0), MATCH(H$96, $B$90:$E$90, 0)), 0) -> 0 | I101: =IFERROR(INDEX($B$91:$E$94, MATCH($N101, $B$90:$E$90, 0), MATCH(I$96, $B$90:$E$90, 0)), 0) -> 0 | ... M101: =IFERROR(INDEX($B$91:$E$94, MATCH($N101, $B$90:$E$90, 0), MATCH(M$96, $B$90:$E$90, 0)), 0) -> 0 | N101: U3X
A102: K4= | B102: =IFERROR(INDEX($B$91:$E$94, MATCH($N102, $B$90:$E$90, 0), MATCH(B$96, $B$90:$E$90, 0)), 0) -> 0 | C102: =IFERROR(INDEX($B$91:$E$94, MATCH($N102, $B$90:$E$90, 0), MATCH(C$96, $B$90:$E$90, 0)), 0) -> 0 | D102: =IFERROR(INDEX($B$91:$E$94, MATCH($N102, $B$90:$E$90, 0), MATCH(D$96, $B$90:$E$90, 0)), 0) -> 0 | E102: =IFERROR(INDEX($B$91:$E$94, MATCH($N102, $B$90:$E$90, 0), MATCH(E$96, $B$90:$E$90, 0)), 0) -> 0 | F102: =IFERROR(INDEX($B$91:$E$94, MATCH($N102, $B$90:$E$90, 0), MATCH(F$96, $B$90:$E$90, 0)), 0) -> 0 | G102: =IFERROR(INDEX($B$91:$E$94, MATCH($N102, $B$90:$E$90, 0), MATCH(G$96, $B$90:$E$90, 0)), 0) -> 0 | H102: =IFERROR(INDEX($B$91:$E$94, MATCH($N102, $B$90:$E$90, 0), MATCH(H$96, $B$90:$E$90, 0)), 0) -> 0 | I102: =IFERROR(INDEX($B$91:$E$94, MATCH($N102, $B$90:$E$90, 0), MATCH(I$96, $B$90:$E$90, 0)), 0) -> 0 | ... M102: =IFERROR(INDEX($B$91:$E$94, MATCH($N102, $B$90:$E$90, 0), MATCH(M$96, $B$90:$E$90, 0)), 0) -> 0 | N102: U3Y
B103: =IFERROR(INDEX($B$91:$E$94, MATCH($N103, $B$90:$E$90, 0), MATCH(B$96, $B$90:$E$90, 0)), 0) -> 0 | C103: =IFERROR(INDEX($B$91:$E$94, MATCH($N103, $B$90:$E$90, 0), MATCH(C$96, $B$90:$E$90, 0)), 0) -> 0 | D103: =IFERROR(INDEX($B$91:$E$94, MATCH($N103, $B$90:$E$90, 0), MATCH(D$96, $B$90:$E$90, 0)), 0) -> -1920 | E103: =IFERROR(INDEX($B$91:$E$94, MATCH($N103, $B$90:$E$90, 0), MATCH(E$96, $B$90:$E$90, 0)), 0) -> 1440 | F103: =IFERROR(INDEX($B$91:$E$94, MATCH($N103, $B$90:$E$90, 0), MATCH(F$96, $B$90:$E$90, 0)), 0) -> 0 | G103: =IFERROR(INDEX($B$91:$E$94, MATCH($N103, $B$90:$E$90, 0), MATCH(G$96, $B$90:$E$90, 0)), 0) -> 0 | H103: =IFERROR(INDEX($B$91:$E$94, MATCH($N103, $B$90:$E$90, 0), MATCH(H$96, $B$90:$E$90, 0)), 0) -> 1920 | I103: =IFERROR(INDEX($B$91:$E$94, MATCH($N103, $B$90:$E$90, 0), MATCH(I$96, $B$90:$E$90, 0)), 0) -> -1440 | ... M103: =IFERROR(INDEX($B$91:$E$94, MATCH($N103, $B$90:$E$90, 0), MATCH(M$96, $B$90:$E$90, 0)), 0) -> 0 | N103: U4X
B104: =IFERROR(INDEX($B$91:$E$94, MATCH($N104, $B$90:$E$90, 0), MATCH(B$96, $B$90:$E$90, 0)), 0) -> 0 | C104: =IFERROR(INDEX($B$91:$E$94, MATCH($N104, $B$90:$E$90, 0), MATCH(C$96, $B$90:$E$90, 0)), 0) -> 0 | D104: =IFERROR(INDEX($B$91:$E$94, MATCH($N104, $B$90:$E$90, 0), MATCH(D$96, $B$90:$E$90, 0)), 0) -> 1440 | E104: =IFERROR(INDEX($B$91:$E$94, MATCH($N104, $B$90:$E$90, 0), MATCH(E$96, $B$90:$E$90, 0)), 0) -> -1080 | F104: =IFERROR(INDEX($B$91:$E$94, MATCH($N104, $B$90:$E$90, 0), MATCH(F$96, $B$90:$E$90, 0)), 0) -> 0 | G104: =IFERROR(INDEX($B$91:$E$94, MATCH($N104, $B$90:$E$90, 0), MATCH(G$96, $B$90:$E$90, 0)), 0) -> 0 | H104: =IFERROR(INDEX($B$91:$E$94, MATCH($N104, $B$90:$E$90, 0), MATCH(H$96, $B$90:$E$90, 0)), 0) -> -1440 | I104: =IFERROR(INDEX($B$91:$E$94, MATCH($N104, $B$90:$E$90, 0), MATCH(I$96, $B$90:$E$90, 0)), 0) -> 1080 | ... M104: =IFERROR(INDEX($B$91:$E$94, MATCH($N104, $B$90:$E$90, 0), MATCH(M$96, $B$90:$E$90, 0)), 0) -> 0 | N104: U4Y
B105: =IFERROR(INDEX($B$91:$E$94, MATCH($N105, $B$90:$E$90, 0), MATCH(B$96, $B$90:$E$90, 0)), 0) -> 0 | C105: =IFERROR(INDEX($B$91:$E$94, MATCH($N105, $B$90:$E$90, 0), MATCH(C$96, $B$90:$E$90, 0)), 0) -> 0 | D105: =IFERROR(INDEX($B$91:$E$94, MATCH($N105, $B$90:$E$90, 0), MATCH(D$96, $B$90:$E$90, 0)), 0) -> 0 | E105: =IFERROR(INDEX($B$91:$E$94, MATCH($N105, $B$90:$E$90, 0), MATCH(E$96, $B$90:$E$90, 0)), 0) -> 0 | F105: =IFERROR(INDEX($B$91:$E$94, MATCH($N105, $B$90:$E$90, 0), MATCH(F$96, $B$90:$E$90, 0)), 0) -> 0 | G105: =IFERROR(INDEX($B$91:$E$94, MATCH($N105, $B$90:$E$90, 0), MATCH(G$96, $B$90:$E$90, 0)), 0) -> 0 | H105: =IFERROR(INDEX($B$91:$E$94, MATCH($N105, $B$90:$E$90, 0), MATCH(H$96, $B$90:$E$90, 0)), 0) -> 0 | I105: =IFERROR(INDEX($B$91:$E$94, MATCH($N105, $B$90:$E$90, 0), MATCH(I$96, $B$90:$E$90, 0)), 0) -> 0 | ... M105: =IFERROR(INDEX($B$91:$E$94, MATCH($N105, $B$90:$E$90, 0), MATCH(M$96, $B$90:$E$90, 0)), 0) -> 0 | N105: U5X
B106: =IFERROR(INDEX($B$91:$E$94, MATCH($N106, $B$90:$E$90, 0), MATCH(B$96, $B$90:$E$90, 0)), 0) -> 0 | C106: =IFERROR(INDEX($B$91:$E$94, MATCH($N106, $B$90:$E$90, 0), MATCH(C$96, $B$90:$E$90, 0)), 0) -> 0 | D106: =IFERROR(INDEX($B$91:$E$94, MATCH($N106, $B$90:$E$90, 0), MATCH(D$96, $B$90:$E$90, 0)), 0) -> 0 | E106: =IFERROR(INDEX($B$91:$E$94, MATCH($N106, $B$90:$E$90, 0), MATCH(E$96, $B$90:$E$90, 0)), 0) -> 0 | F106: =IFERROR(INDEX($B$91:$E$94, MATCH($N106, $B$90:$E$90, 0), MATCH(F$96, $B$90:$E$90, 0)), 0) -> 0 | G106: =IFERROR(INDEX($B$91:$E$94, MATCH($N106, $B$90:$E$90, 0), MATCH(G$96, $B$90:$E$90, 0)), 0) -> 0 | H106: =IFERROR(INDEX($B$91:$E$94, MATCH($N106, $B$90:$E$90, 0), MATCH(H$96, $B$90:$E$90, 0)), 0) -> 0 | I106: =IFERROR(INDEX($B$91:$E$94, MATCH($N106, $B$90:$E$90, 0), MATCH(I$96, $B$90:$E$90, 0)), 0) -> 0 | ... M106: =IFERROR(INDEX($B$91:$E$94, MATCH($N106, $B$90:$E$90, 0), MATCH(M$96, $B$90:$E$90, 0)), 0) -> 0 | N106: U5Y
B107: =IFERROR(INDEX($B$91:$E$94, MATCH($N107, $B$90:$E$90, 0), MATCH(B$96, $B$90:$E$90, 0)), 0) -> 0 | C107: =IFERROR(INDEX($B$91:$E$94, MATCH($N107, $B$90:$E$90, 0), MATCH(C$96, $B$90:$E$90, 0)), 0) -> 0 | D107: =IFERROR(INDEX($B$91:$E$94, MATCH($N107, $B$90:$E$90, 0), MATCH(D$96, $B$90:$E$90, 0)), 0) -> 0 | E107: =IFERROR(INDEX($B$91:$E$94, MATCH($N107, $B$90:$E$90, 0), MATCH(E$96, $B$90:$E$90, 0)), 0) -> 0 | F107: =IFERROR(INDEX($B$91:$E$94, MATCH($N107, $B$90:$E$90, 0), MATCH(F$96, $B$90:$E$90, 0)), 0) -> 0 | G107: =IFERROR(INDEX($B$91:$E$94, MATCH($N107, $B$90:$E$90, 0), MATCH(G$96, $B$90:$E$90, 0)), 0) -> 0 | H107: =IFERROR(INDEX($B$91:$E$94, MATCH($N107, $B$90:$E$90, 0), MATCH(H$96, $B$90:$E$90, 0)), 0) -> 0 | I107: =IFERROR(INDEX($B$91:$E$94, MATCH($N107, $B$90:$E$90, 0), MATCH(I$96, $B$90:$E$90, 0)), 0) -> 0 | ... M107: =IFERROR(INDEX($B$91:$E$94, MATCH($N107, $B$90:$E$90, 0), MATCH(M$96, $B$90:$E$90, 0)), 0) -> 0 | N107: U6X
B108: =IFERROR(INDEX($B$91:$E$94, MATCH($N108, $B$90:$E$90, 0), MATCH(B$96, $B$90:$E$90, 0)), 0) -> 0 | C108: =IFERROR(INDEX($B$91:$E$94, MATCH($N108, $B$90:$E$90, 0), MATCH(C$96, $B$90:$E$90, 0)), 0) -> 0 | D108: =IFERROR(INDEX($B$91:$E$94, MATCH($N108, $B$90:$E$90, 0), MATCH(D$96, $B$90:$E$90, 0)), 0) -> 0 | E108: =IFERROR(INDEX($B$91:$E$94, MATCH($N108, $B$90:$E$90, 0), MATCH(E$96, $B$90:$E$90, 0)), 0) -> 0 | F108: =IFERROR(INDEX($B$91:$E$94, MATCH($N108, $B$90:$E$90, 0), MATCH(F$96, $B$90:$E$90, 0)), 0) -> 0 | G108: =IFERROR(INDEX($B$91:$E$94, MATCH($N108, $B$90:$E$90, 0), MATCH(G$96, $B$90:$E$90, 0)), 0) -> 0 | H108: =IFERROR(INDEX($B$91:$E$94, MATCH($N108, $B$90:$E$90, 0), MATCH(H$96, $B$90:$E$90, 0)), 0) -> 0 | I108: =IFERROR(INDEX($B$91:$E$94, MATCH($N108, $B$90:$E$90, 0), MATCH(I$96, $B$90:$E$90, 0)), 0) -> 0 | ... M108: =IFERROR(INDEX($B$91:$E$94, MATCH($N108, $B$90:$E$90, 0), MATCH(M$96, $B$90:$E$90, 0)), 0) -> 0 | N108: U6Y
A111: k5= | B111: =IF(D21="","-",D21) -> U2X | C111: =IF(E21="","-",E21) -> U2Y | D111: =IF(G21="","-",G21) -> U1X | E111: =IF(H21="","-",H21) -> U1Y
B112: =IF(N10=0, 0, N10*J10*J10) -> 4269.0748 | C112: =IF(N10=0, 0, N10*J10*K10) -> 1423.0249 | D112: =IF(N10=0, 0, -N10*J10*J10) -> -4269.0748 | E112: =IF(N10=0, 0, -N10*J10*K10) -> -1423.0249 | F112: =IF(D21="","-",D21) -> U2X
B113: =IF(N10=0, 0, N10*J10*K10) -> 1423.0249 | C113: =IF(N10=0, 0, N10*K10*K10) -> 474.34165 | D113: =IF(N10=0, 0, -N10*J10*K10) -> -1423.0249 | E113: =IF(N10=0, 0, -N10*K10*K10) -> -474.34165 | F113: =IF(E21="","-",E21) -> U2Y
B114: =IF(N10=0, 0, -N10*J10*J10) -> -4269.0748 | C114: =IF(N10=0, 0, -N10*J10*K10) -> -1423.0249 | D114: =IF(N10=0, 0, N10*J10*J10) -> 4269.0748 | E114: =IF(N10=0, 0, N10*J10*K10) -> 1423.0249 | F114: =IF(G21="","-",G21) -> U1X
B115: =IF(N10=0, 0, -N10*J10*K10) -> -1423.0249 | C115: =IF(N10=0, 0, -N10*K10*K10) -> -474.34165 | D115: =IF(N10=0, 0, N10*J10*K10) -> 1423.0249 | E115: =IF(N10=0, 0, N10*K10*K10) -> 474.34165 | F115: =IF(H21="","-",H21) -> U1Y
B117: U1X | C117: U1Y | D117: U2X | E117: U2Y | F117: U3X | G117: U3Y | H117: U4X | I117: U4Y | J117: U5X | K117: U5Y | L117: U6X | M117: U6Y
...

Sheet MANUAL_ISOSTATICA_3R (3)
A1: PLANTILLA MANUAL - CASO ISOSTÁTICO (HASTA 6 NODOS Y 8 BARRAS - CÁTEDRA ING. ULIANOV)
A2: Cátedra: Análisis Estructural II | Ing. Ulianov Cuba Valencia | Plantilla 100% Automatizada con Capacidad hasta 6 Nodos y 8 Barras
B4: BARRA | C4: INICIO (cm) | E4: FIN (cm) | G4: DX (cm) | H4: DY (cm) | I4: L (cm) | J4: Cx | K4: Cy | L4: A (cm²) | M4: E (Kgf/cm²) | N4: AE/L (Kgf/cm) | P4: COORDENADAS, CONDICIONES DE APOYO Y CARGAS NODALES (HASTA 6 NODOS)
C5: X | D5: Y | E5: X | F5: Y | P5: NUDO | Q5: X (cm) | R5: Y (cm) | S5: TIPO APOYO | T5: Rx | U5: Ry | V5: Px (Kgf) | W5: Py (Kgf)
B6: 1 | C6: =IF(C17="","", IFERROR(VLOOKUP(C17, $P$6:$W$11, 2, FALSE), "")) -> 0 | D6: =IF(C17="","", IFERROR(VLOOKUP(C17, $P$6:$W$11, 3, FALSE), "")) -> 0 | E6: =IF(F17="","", IFERROR(VLOOKUP(F17, $P$6:$W$11, 2, FALSE), "")) -> 200 | F6: =IF(F17="","", IFERROR(VLOOKUP(F17, $P$6:$W$11, 3, FALSE), "")) -> 600 | G6: =IF(OR(C6="",E6=""), "", E6-C6) -> 200 | H6: =IF(OR(D6="",F6=""), "", F6-D6) -> 600 | I6: =IF(OR(G6="",H6=""), "", SQRT(G6^2+H6^2)) -> 632.45553 | J6: =IF(OR(I6="",I6=0), "", G6/I6) -> 0.31622777 | K6: =IF(OR(I6="",I6=0), "", H6/I6) -> 0.9486833 | L6: =IF(C17="","", 20) -> 20 | M6: =IF(C17="","", 150000) -> 150000 | N6: =IF(OR(I6="",I6=0,L6="",M6=""), 0, (L6*M6)/I6) -> 4743.4165 | P6: 1 | Q6: 800 | R6: 800 | S6: Libre | T6: =IF(Q6="","", IF(LEFT(UPPER(TRIM(S6)),4)="FIJO", 1, IF(OR(UPPER(TRIM(S6))="MOVIL X", UPPER(TRIM(S6))="MÓVIL X", UPPER(TRIM(S6))="RODILLO X"), 1, 0))) -> 0 | U6: =IF(Q6="","", IF(LEFT(UPPER(TRIM(S6)),4)="FIJO", 1, IF(OR(UPPER(TRIM(S6))="MOVIL Y", UPPER(TRIM(S6))="MÓVIL Y", UPPER(TRIM(S6))="RODILLO Y", UPPER(TRIM(S6))="MOVIL", UPPER(TRIM(S6))="MÓVIL"), 1, 0))) -> 0 | V6: 1000 | W6: -2000
B7: 2 | C7: =IF(C18="","", IFERROR(VLOOKUP(C18, $P$6:$W$11, 2, FALSE), "")) -> 1000 | D7: =IF(C18="","", IFERROR(VLOOKUP(C18, $P$6:$W$11, 3, FALSE), "")) -> 0 | E7: =IF(F18="","", IFERROR(VLOOKUP(F18, $P$6:$W$11, 2, FALSE), "")) -> 0 | F7: =IF(F18="","", IFERROR(VLOOKUP(F18, $P$6:$W$11, 3, FALSE), "")) -> 0 | G7: =IF(OR(C7="",E7=""), "", E7-C7) -> -1000 | H7: =IF(OR(D7="",F7=""), "", F7-D7) -> 0 | I7: =IF(OR(G7="",H7=""), "", SQRT(G7^2+H7^2)) -> 1000 | J7: =IF(OR(I7="",I7=0), "", G7/I7) -> -1 | K7: =IF(OR(I7="",I7=0), "", H7/I7) -> 0 | L7: =IF(C18="","", 20) -> 20 | M7: =IF(C18="","", 150000) -> 150000 | N7: =IF(OR(I7="",I7=0,L7="",M7=""), 0, (L7*M7)/I7) -> 3000 | P7: 2 | Q7: 200 | R7: 600 | S7: Libre | T7: =IF(Q7="","", IF(LEFT(UPPER(TRIM(S7)),4)="FIJO", 1, IF(OR(UPPER(TRIM(S7))="MOVIL X", UPPER(TRIM(S7))="MÓVIL X", UPPER(TRIM(S7))="RODILLO X"), 1, 0))) -> 0 | U7: =IF(Q7="","", IF(LEFT(UPPER(TRIM(S7)),4)="FIJO", 1, IF(OR(UPPER(TRIM(S7))="MOVIL Y", UPPER(TRIM(S7))="MÓVIL Y", UPPER(TRIM(S7))="RODILLO Y", UPPER(TRIM(S7))="MOVIL", UPPER(TRIM(S7))="MÓVIL"), 1, 0))) -> 0 | V7: 2000 | W7: -1000
B8: 3 | C8: =IF(C19="","", IFERROR(VLOOKUP(C19, $P$6:$W$11, 2, FALSE), "")) -> 800 | D8: =IF(C19="","", IFERROR(VLOOKUP(C19, $P$6:$W$11, 3, FALSE), "")) -> 800 | E8: =IF(F19="","", IFERROR(VLOOKUP(F19, $P$6:$W$11, 2, FALSE), "")) -> 1000 | F8: =IF(F19="","", IFERROR(VLOOKUP(F19, $P$6:$W$11, 3, FALSE), "")) -> 0 | G8: =IF(OR(C8="",E8=""), "", E8-C8) -> 200 | H8: =IF(OR(D8="",F8=""), "", F8-D8) -> -800 | I8: =IF(OR(G8="",H8=""), "", SQRT(G8^2+H8^2)) -> 824.62113 | J8: =IF(OR(I8="",I8=0), "", G8/I8) -> 0.24253563 | K8: =IF(OR(I8="",I8=0), "", H8/I8) -> -0.9701425 | L8: =IF(C19="","", 20) -> 20 | M8: =IF(C19="","", 150000) -> 150000 | N8: =IF(OR(I8="",I8=0,L8="",M8=""), 0, (L8*M8)/I8) -> 3638.0344 | P8: 3 | Q8: 0 | R8: 0 | S8: Móvil Y | T8: =IF(Q8="","", IF(LEFT(UPPER(TRIM(S8)),4)="FIJO", 1, IF(OR(UPPER(TRIM(S8))="MOVIL X", UPPER(TRIM(S8))="MÓVIL X", UPPER(TRIM(S8))="RODILLO X"), 1, 0))) -> 0 | U8: =IF(Q8="","", IF(LEFT(UPPER(TRIM(S8)),4)="FIJO", 1, IF(OR(UPPER(TRIM(S8))="MOVIL Y", UPPER(TRIM(S8))="MÓVIL Y", UPPER(TRIM(S8))="RODILLO Y", UPPER(TRIM(S8))="MOVIL", UPPER(TRIM(S8))="MÓVIL"), 1, 0))) -> 1 | V8: 0 | W8: 0
B9: 4 | C9: =IF(C20="","", IFERROR(VLOOKUP(C20, $P$6:$W$11, 2, FALSE), "")) -> 200 | D9: =IF(C20="","", IFERROR(VLOOKUP(C20, $P$6:$W$11, 3, FALSE), "")) -> 600 | E9: =IF(F20="","", IFERROR(VLOOKUP(F20, $P$6:$W$11, 2, FALSE), "")) -> 1000 | F9: =IF(F20="","", IFERROR(VLOOKUP(F20, $P$6:$W$11, 3, FALSE), "")) -> 0 | G9: =IF(OR(C9="",E9=""), "", E9-C9) -> 800 | H9: =IF(OR(D9="",F9=""), "", F9-D9) -> -600 | I9: =IF(OR(G9="",H9=""), "", SQRT(G9^2+H9^2)) -> 1000 | J9: =IF(OR(I9="",I9=0), "", G9/I9) -> 0.8 | K9: =IF(OR(I9="",I9=0), "", H9/I9) -> -0.6 | L9: =IF(C20="","", 20) -> 20 | M9: =IF(C20="","", 150000) -> 150000 | N9: =IF(OR(I9="",I9=0,L9="",M9=""), 0, (L9*M9)/I9) -> 3000 | P9: 4 | Q9: 1000 | R9: 0 | S9: Fijo | T9: =IF(Q9="","", IF(LEFT(UPPER(TRIM(S9)),4)="FIJO", 1, IF(OR(UPPER(TRIM(S9))="MOVIL X", UPPER(TRIM(S9))="MÓVIL X", UPPER(TRIM(S9))="RODILLO X"), 1, 0))) -> 1 | U9: =IF(Q9="","", IF(LEFT(UPPER(TRIM(S9)),4)="FIJO", 1, IF(OR(UPPER(TRIM(S9))="MOVIL Y", UPPER(TRIM(S9))="MÓVIL Y", UPPER(TRIM(S9))="RODILLO Y", UPPER(TRIM(S9))="MOVIL", UPPER(TRIM(S9))="MÓVIL"), 1, 0))) -> 1 | V9: 0 | W9: 0
B10: 5 | C10: =IF(C21="","", IFERROR(VLOOKUP(C21, $P$6:$W$11, 2, FALSE), "")) -> 200 | D10: =IF(C21="","", IFERROR(VLOOKUP(C21, $P$6:$W$11, 3, FALSE), "")) -> 600 | E10: =IF(F21="","", IFERROR(VLOOKUP(F21, $P$6:$W$11, 2, FALSE), "")) -> 800 | F10: =IF(F21="","", IFERROR(VLOOKUP(F21, $P$6:$W$11, 3, FALSE), "")) -> 800 | G10: =IF(OR(C10="",E10=""), "", E10-C10) -> 600 | H10: =IF(OR(D10="",F10=""), "", F10-D10) -> 200 | I10: =IF(OR(G10="",H10=""), "", SQRT(G10^2+H10^2)) -> 632.45553 | J10: =IF(OR(I10="",I10=0), "", G10/I10) -> 0.9486833 | K10: =IF(OR(I10="",I10=0), "", H10/I10) -> 0.31622777 | L10: =IF(C21="","", 20) -> 20 | M10: =IF(C21="","", 150000) -> 150000 | N10: =IF(OR(I10="",I10=0,L10="",M10=""), 0, (L10*M10)/I10) -> 4743.4165 | P10: 5 | T10: =IF(Q10="","", IF(LEFT(UPPER(TRIM(S10)),4)="FIJO", 1, IF(OR(UPPER(TRIM(S10))="MOVIL X", UPPER(TRIM(S10))="MÓVIL X", UPPER(TRIM(S10))="RODILLO X"), 1, 0))) | U10: =IF(Q10="","", IF(LEFT(UPPER(TRIM(S10)),4)="FIJO", 1, IF(OR(UPPER(TRIM(S10))="MOVIL Y", UPPER(TRIM(S10))="MÓVIL Y", UPPER(TRIM(S10))="RODILLO Y", UPPER(TRIM(S10))="MOVIL", UPPER(TRIM(S10))="MÓVIL"), 1, 0)))
B11: 6 | C11: =IF(C22="","", IFERROR(VLOOKUP(C22, $P$6:$W$11, 2, FALSE), "")) | D11: =IF(C22="","", IFERROR(VLOOKUP(C22, $P$6:$W$11, 3, FALSE), "")) | E11: =IF(F22="","", IFERROR(VLOOKUP(F22, $P$6:$W$11, 2, FALSE), "")) | F11: =IF(F22="","", IFERROR(VLOOKUP(F22, $P$6:$W$11, 3, FALSE), "")) | G11: =IF(OR(C11="",E11=""), "", E11-C11) | H11: =IF(OR(D11="",F11=""), "", F11-D11) | I11: =IF(OR(G11="",H11=""), "", SQRT(G11^2+H11^2)) | J11: =IF(OR(I11="",I11=0), "", G11/I11) | K11: =IF(OR(I11="",I11=0), "", H11/I11) | L11: =IF(C22="","", 10) | M11: =IF(C22="","", 2100000) | N11: =IF(OR(I11="",I11=0,L11="",M11=""), 0, (L11*M11)/I11) -> 0 | P11: 6 | T11: =IF(Q11="","", IF(LEFT(UPPER(TRIM(S11)),4)="FIJO", 1, IF(OR(UPPER(TRIM(S11))="MOVIL X", UPPER(TRIM(S11))="MÓVIL X", UPPER(TRIM(S11))="RODILLO X"), 1, 0))) | U11: =IF(Q11="","", IF(LEFT(UPPER(TRIM(S11)),4)="FIJO", 1, IF(OR(UPPER(TRIM(S11))="MOVIL Y", UPPER(TRIM(S11))="MÓVIL Y", UPPER(TRIM(S11))="RODILLO Y", UPPER(TRIM(S11))="MOVIL", UPPER(TRIM(S11))="MÓVIL"), 1, 0)))
B12: 7 | C12: =IF(C23="","", IFERROR(VLOOKUP(C23, $P$6:$W$11, 2, FALSE), "")) | D12: =IF(C23="","", IFERROR(VLOOKUP(C23, $P$6:$W$11, 3, FALSE), "")) | E12: =IF(F23="","", IFERROR(VLOOKUP(F23, $P$6:$W$11, 2, FALSE), "")) | F12: =IF(F23="","", IFERROR(VLOOKUP(F23, $P$6:$W$11, 3, FALSE), "")) | G12: =IF(OR(C12="",E12=""), "", E12-C12) | H12: =IF(OR(D12="",F12=""), "", F12-D12) | I12: =IF(OR(G12="",H12=""), "", SQRT(G12^2+H12^2)) | J12: =IF(OR(I12="",I12=0), "", G12/I12) | K12: =IF(OR(I12="",I12=0), "", H12/I12) | L12: =IF(C23="","", 10) | M12: =IF(C23="","", 2100000) | N12: =IF(OR(I12="",I12=0,L12="",M12=""), 0, (L12*M12)/I12) -> 0
B13: 8 | C13: =IF(C24="","", IFERROR(VLOOKUP(C24, $P$6:$W$11, 2, FALSE), "")) | D13: =IF(C24="","", IFERROR(VLOOKUP(C24, $P$6:$W$11, 3, FALSE), "")) | E13: =IF(F24="","", IFERROR(VLOOKUP(F24, $P$6:$W$11, 2, FALSE), "")) | F13: =IF(F24="","", IFERROR(VLOOKUP(F24, $P$6:$W$11, 3, FALSE), "")) | G13: =IF(OR(C13="",E13=""), "", E13-C13) | H13: =IF(OR(D13="",F13=""), "", F13-D13) | I13: =IF(OR(G13="",H13=""), "", SQRT(G13^2+H13^2)) | J13: =IF(OR(I13="",I13=0), "", G13/I13) | K13: =IF(OR(I13="",I13=0), "", H13/I13) | L13: =IF(C24="","", 10) | M13: =IF(C24="","", 2100000) | N13: =IF(OR(I13="",I13=0,L13="",M13=""), 0, (L13*M13)/I13) -> 0
B15: CONECTIVIDAD DE BARRAS Y GRADOS DE LIBERTAD ASOCIADOS:
B16: BARRA | C16: NUDO INICIO | D16: UX | E16: UY | F16: NUDO FIN | G16: UX | H16: UY | S16: Móvil Y
B17: 1 | C17: 3 | D17: =IF(C17="","", "U" & C17 & "X") -> U3X | E17: =IF(C17="","", "U" & C17 & "Y") -> U3Y | F17: 2 | G17: =IF(F17="","", "U" & F17 & "X") -> U2X | H17: =IF(F17="","", "U" & F17 & "Y") -> U2Y | S17: Fijo
B18: 2 | C18: 4 | D18: =IF(C18="","", "U" & C18 & "X") -> U4X | E18: =IF(C18="","", "U" & C18 & "Y") -> U4Y | F18: 3 | G18: =IF(F18="","", "U" & F18 & "X") -> U3X | H18: =IF(F18="","", "U" & F18 & "Y") -> U3Y | S18: Libre
B19: 3 | C19: 1 | D19: =IF(C19="","", "U" & C19 & "X") -> U1X | E19: =IF(C19="","", "U" & C19 & "Y") -> U1Y | F19: 4 | G19: =IF(F19="","", "U" & F19 & "X") -> U4X | H19: =IF(F19="","", "U" & F19 & "Y") -> U4Y | S19: Libre
B20: 4 | C20: 2 | D20: =IF(C20="","", "U" & C20 & "X") -> U2X | E20: =IF(C20="","", "U" & C20 & "Y") -> U2Y | F20: 4 | G20: =IF(F20="","", "U" & F20 & "X") -> U4X | H20: =IF(F20="","", "U" & F20 & "Y") -> U4Y | S20: Libre
B21: 5 | C21: 2 | D21: =IF(C21="","", "U" & C21 & "X") -> U2X | E21: =IF(C21="","", "U" & C21 & "Y") -> U2Y | F21: 1 | G21: =IF(F21="","", "U" & F21 & "X") -> U1X | H21: =IF(F21="","", "U" & F21 & "Y") -> U1Y | S21: Libre
B22: 6 | D22: =IF(C22="","", "U" & C22 & "X") | E22: =IF(C22="","", "U" & C22 & "Y") | G22: =IF(F22="","", "U" & F22 & "X") | H22: =IF(F22="","", "U" & F22 & "Y")
B23: 7 | D23: =IF(C23="","", "U" & C23 & "X") | E23: =IF(C23="","", "U" & C23 & "Y") | G23: =IF(F23="","", "U" & F23 & "X") | H23: =IF(F23="","", "U" & F23 & "Y")
B24: 8 | D24: =IF(C24="","", "U" & C24 & "X") | E24: =IF(C24="","", "U" & C24 & "Y") | G24: =IF(F24="","", "U" & F24 & "X") | H24: =IF(F24="","", "U" & F24 & "Y")
A27: k1= | B27: =IF(D17="","-",D17) -> U3X | C27: =IF(E17="","-",E17) -> U3Y | D27: =IF(G17="","-",G17) -> U2X | E27: =IF(H17="","-",H17) -> U2Y
B28: =IF(N6=0, 0, N6*J6*J6) -> 474.34165 | C28: =IF(N6=0, 0, N6*J6*K6) -> 1423.0249 | D28: =IF(N6=0, 0, -N6*J6*J6) -> -474.34165 | E28: =IF(N6=0, 0, -N6*J6*K6) -> -1423.0249 | F28: =IF(D17="","-",D17) -> U3X
B29: =IF(N6=0, 0, N6*J6*K6) -> 1423.0249 | C29: =IF(N6=0, 0, N6*K6*K6) -> 4269.0748 | D29: =IF(N6=0, 0, -N6*J6*K6) -> -1423.0249 | E29: =IF(N6=0, 0, -N6*K6*K6) -> -4269.0748 | F29: =IF(E17="","-",E17) -> U3Y
B30: =IF(N6=0, 0, -N6*J6*J6) -> -474.34165 | C30: =IF(N6=0, 0, -N6*J6*K6) -> -1423.0249 | D30: =IF(N6=0, 0, N6*J6*J6) -> 474.34165 | E30: =IF(N6=0, 0, N6*J6*K6) -> 1423.0249 | F30: =IF(G17="","-",G17) -> U2X
B31: =IF(N6=0, 0, -N6*J6*K6) -> -1423.0249 | C31: =IF(N6=0, 0, -N6*K6*K6) -> -4269.0748 | D31: =IF(N6=0, 0, N6*J6*K6) -> 1423.0249 | E31: =IF(N6=0, 0, N6*K6*K6) -> 4269.0748 | F31: =IF(H17="","-",H17) -> U2Y
B33: U1X | C33: U1Y | D33: U2X | E33: U2Y | F33: U3X | G33: U3Y | H33: U4X | I33: U4Y | J33: U5X | K33: U5Y | L33: U6X | M33: U6Y
B34: =IFERROR(INDEX($B$28:$E$31, MATCH($N34, $B$27:$E$27, 0), MATCH(B$33, $B$27:$E$27, 0)), 0) -> 0 | C34: =IFERROR(INDEX($B$28:$E$31, MATCH($N34, $B$27:$E$27, 0), MATCH(C$33, $B$27:$E$27, 0)), 0) -> 0 | D34: =IFERROR(INDEX($B$28:$E$31, MATCH($N34, $B$27:$E$27, 0), MATCH(D$33, $B$27:$E$27, 0)), 0) -> 0 | E34: =IFERROR(INDEX($B$28:$E$31, MATCH($N34, $B$27:$E$27, 0), MATCH(E$33, $B$27:$E$27, 0)), 0) -> 0 | F34: =IFERROR(INDEX($B$28:$E$31, MATCH($N34, $B$27:$E$27, 0), MATCH(F$33, $B$27:$E$27, 0)), 0) -> 0 | G34: =IFERROR(INDEX($B$28:$E$31, MATCH($N34, $B$27:$E$27, 0), MATCH(G$33, $B$27:$E$27, 0)), 0) -> 0 | H34: =IFERROR(INDEX($B$28:$E$31, MATCH($N34, $B$27:$E$27, 0), MATCH(H$33, $B$27:$E$27, 0)), 0) -> 0 | I34: =IFERROR(INDEX($B$28:$E$31, MATCH($N34, $B$27:$E$27, 0), MATCH(I$33, $B$27:$E$27, 0)), 0) -> 0 | ... M34: =IFERROR(INDEX($B$28:$E$31, MATCH($N34, $B$27:$E$27, 0), MATCH(M$33, $B$27:$E$27, 0)), 0) -> 0 | N34: U1X
B35: =IFERROR(INDEX($B$28:$E$31, MATCH($N35, $B$27:$E$27, 0), MATCH(B$33, $B$27:$E$27, 0)), 0) -> 0 | C35: =IFERROR(INDEX($B$28:$E$31, MATCH($N35, $B$27:$E$27, 0), MATCH(C$33, $B$27:$E$27, 0)), 0) -> 0 | D35: =IFERROR(INDEX($B$28:$E$31, MATCH($N35, $B$27:$E$27, 0), MATCH(D$33, $B$27:$E$27, 0)), 0) -> 0 | E35: =IFERROR(INDEX($B$28:$E$31, MATCH($N35, $B$27:$E$27, 0), MATCH(E$33, $B$27:$E$27, 0)), 0) -> 0 | F35: =IFERROR(INDEX($B$28:$E$31, MATCH($N35, $B$27:$E$27, 0), MATCH(F$33, $B$27:$E$27, 0)), 0) -> 0 | G35: =IFERROR(INDEX($B$28:$E$31, MATCH($N35, $B$27:$E$27, 0), MATCH(G$33, $B$27:$E$27, 0)), 0) -> 0 | H35: =IFERROR(INDEX($B$28:$E$31, MATCH($N35, $B$27:$E$27, 0), MATCH(H$33, $B$27:$E$27, 0)), 0) -> 0 | I35: =IFERROR(INDEX($B$28:$E$31, MATCH($N35, $B$27:$E$27, 0), MATCH(I$33, $B$27:$E$27, 0)), 0) -> 0 | ... M35: =IFERROR(INDEX($B$28:$E$31, MATCH($N35, $B$27:$E$27, 0), MATCH(M$33, $B$27:$E$27, 0)), 0) -> 0 | N35: U1Y
B36: =IFERROR(INDEX($B$28:$E$31, MATCH($N36, $B$27:$E$27, 0), MATCH(B$33, $B$27:$E$27, 0)), 0) -> 0 | C36: =IFERROR(INDEX($B$28:$E$31, MATCH($N36, $B$27:$E$27, 0), MATCH(C$33, $B$27:$E$27, 0)), 0) -> 0 | D36: =IFERROR(INDEX($B$28:$E$31, MATCH($N36, $B$27:$E$27, 0), MATCH(D$33, $B$27:$E$27, 0)), 0) -> 474.34165 | E36: =IFERROR(INDEX($B$28:$E$31, MATCH($N36, $B$27:$E$27, 0), MATCH(E$33, $B$27:$E$27, 0)), 0) -> 1423.0249 | F36: =IFERROR(INDEX($B$28:$E$31, MATCH($N36, $B$27:$E$27, 0), MATCH(F$33, $B$27:$E$27, 0)), 0) -> -474.34165 | G36: =IFERROR(INDEX($B$28:$E$31, MATCH($N36, $B$27:$E$27, 0), MATCH(G$33, $B$27:$E$27, 0)), 0) -> -1423.0249 | H36: =IFERROR(INDEX($B$28:$E$31, MATCH($N36, $B$27:$E$27, 0), MATCH(H$33, $B$27:$E$27, 0)), 0) -> 0 | I36: =IFERROR(INDEX($B$28:$E$31, MATCH($N36, $B$27:$E$27, 0), MATCH(I$33, $B$27:$E$27, 0)), 0) -> 0 | ... M36: =IFERROR(INDEX($B$28:$E$31, MATCH($N36, $B$27:$E$27, 0), MATCH(M$33, $B$27:$E$27, 0)), 0) -> 0 | N36: U2X
B37: =IFERROR(INDEX($B$28:$E$31, MATCH($N37, $B$27:$E$27, 0), MATCH(B$33, $B$27:$E$27, 0)), 0) -> 0 | C37: =IFERROR(INDEX($B$28:$E$31, MATCH($N37, $B$27:$E$27, 0), MATCH(C$33, $B$27:$E$27, 0)), 0) -> 0 | D37: =IFERROR(INDEX($B$28:$E$31, MATCH($N37, $B$27:$E$27, 0), MATCH(D$33, $B$27:$E$27, 0)), 0) -> 1423.0249 | E37: =IFERROR(INDEX($B$28:$E$31, MATCH($N37, $B$27:$E$27, 0), MATCH(E$33, $B$27:$E$27, 0)), 0) -> 4269.0748 | F37: =IFERROR(INDEX($B$28:$E$31, MATCH($N37, $B$27:$E$27, 0), MATCH(F$33, $B$27:$E$27, 0)), 0) -> -1423.0249 | G37: =IFERROR(INDEX($B$28:$E$31, MATCH($N37, $B$27:$E$27, 0), MATCH(G$33, $B$27:$E$27, 0)), 0) -> -4269.0748 | H37: =IFERROR(INDEX($B$28:$E$31, MATCH($N37, $B$27:$E$27, 0), MATCH(H$33, $B$27:$E$27, 0)), 0) -> 0 | I37: =IFERROR(INDEX($B$28:$E$31, MATCH($N37, $B$27:$E$27, 0), MATCH(I$33, $B$27:$E$27, 0)), 0) -> 0 | ... M37: =IFERROR(INDEX($B$28:$E$31, MATCH($N37, $B$27:$E$27, 0), MATCH(M$33, $B$27:$E$27, 0)), 0) -> 0 | N37: U2Y
B38: =IFERROR(INDEX($B$28:$E$31, MATCH($N38, $B$27:$E$27, 0), MATCH(B$33, $B$27:$E$27, 0)), 0) -> 0 | C38: =IFERROR(INDEX($B$28:$E$31, MATCH($N38, $B$27:$E$27, 0), MATCH(C$33, $B$27:$E$27, 0)), 0) -> 0 | D38: =IFERROR(INDEX($B$28:$E$31, MATCH($N38, $B$27:$E$27, 0), MATCH(D$33, $B$27:$E$27, 0)), 0) -> -474.34165 | E38: =IFERROR(INDEX($B$28:$E$31, MATCH($N38, $B$27:$E$27, 0), MATCH(E$33, $B$27:$E$27, 0)), 0) -> -1423.0249 | F38: =IFERROR(INDEX($B$28:$E$31, MATCH($N38, $B$27:$E$27, 0), MATCH(F$33, $B$27:$E$27, 0)), 0) -> 474.34165 | G38: =IFERROR(INDEX($B$28:$E$31, MATCH($N38, $B$27:$E$27, 0), MATCH(G$33, $B$27:$E$27, 0)), 0) -> 1423.0249 | H38: =IFERROR(INDEX($B$28:$E$31, MATCH($N38, $B$27:$E$27, 0), MATCH(H$33, $B$27:$E$27, 0)), 0) -> 0 | I38: =IFERROR(INDEX($B$28:$E$31, MATCH($N38, $B$27:$E$27, 0), MATCH(I$33, $B$27:$E$27, 0)), 0) -> 0 | ... M38: =IFERROR(INDEX($B$28:$E$31, MATCH($N38, $B$27:$E$27, 0), MATCH(M$33, $B$27:$E$27, 0)), 0) -> 0 | N38: U3X
A39: K1= | B39: =IFERROR(INDEX($B$28:$E$31, MATCH($N39, $B$27:$E$27, 0), MATCH(B$33, $B$27:$E$27, 0)), 0) -> 0 | C39: =IFERROR(INDEX($B$28:$E$31, MATCH($N39, $B$27:$E$27, 0), MATCH(C$33, $B$27:$E$27, 0)), 0) -> 0 | D39: =IFERROR(INDEX($B$28:$E$31, MATCH($N39, $B$27:$E$27, 0), MATCH(D$33, $B$27:$E$27, 0)), 0) -> -1423.0249 | E39: =IFERROR(INDEX($B$28:$E$31, MATCH($N39, $B$27:$E$27, 0), MATCH(E$33, $B$27:$E$27, 0)), 0) -> -4269.0748 | F39: =IFERROR(INDEX($B$28:$E$31, MATCH($N39, $B$27:$E$27, 0), MATCH(F$33, $B$27:$E$27, 0)), 0) -> 1423.0249 | G39: =IFERROR(INDEX($B$28:$E$31, MATCH($N39, $B$27:$E$27, 0), MATCH(G$33, $B$27:$E$27, 0)), 0) -> 4269.0748 | H39: =IFERROR(INDEX($B$28:$E$31, MATCH($N39, $B$27:$E$27, 0), MATCH(H$33, $B$27:$E$27, 0)), 0) -> 0 | I39: =IFERROR(INDEX($B$28:$E$31, MATCH($N39, $B$27:$E$27, 0), MATCH(I$33, $B$27:$E$27, 0)), 0) -> 0 | ... M39: =IFERROR(INDEX($B$28:$E$31, MATCH($N39, $B$27:$E$27, 0), MATCH(M$33, $B$27:$E$27, 0)), 0) -> 0 | N39: U3Y
B40: =IFERROR(INDEX($B$28:$E$31, MATCH($N40, $B$27:$E$27, 0), MATCH(B$33, $B$27:$E$27, 0)), 0) -> 0 | C40: =IFERROR(INDEX($B$28:$E$31, MATCH($N40, $B$27:$E$27, 0), MATCH(C$33, $B$27:$E$27, 0)), 0) -> 0 | D40: =IFERROR(INDEX($B$28:$E$31, MATCH($N40, $B$27:$E$27, 0), MATCH(D$33, $B$27:$E$27, 0)), 0) -> 0 | E40: =IFERROR(INDEX($B$28:$E$31, MATCH($N40, $B$27:$E$27, 0), MATCH(E$33, $B$27:$E$27, 0)), 0) -> 0 | F40: =IFERROR(INDEX($B$28:$E$31, MATCH($N40, $B$27:$E$27, 0), MATCH(F$33, $B$27:$E$27, 0)), 0) -> 0 | G40: =IFERROR(INDEX($B$28:$E$31, MATCH($N40, $B$27:$E$27, 0), MATCH(G$33, $B$27:$E$27, 0)), 0) -> 0 | H40: =IFERROR(INDEX($B$28:$E$31, MATCH($N40, $B$27:$E$27, 0), MATCH(H$33, $B$27:$E$27, 0)), 0) -> 0 | I40: =IFERROR(INDEX($B$28:$E$31, MATCH($N40, $B$27:$E$27, 0), MATCH(I$33, $B$27:$E$27, 0)), 0) -> 0 | ... M40: =IFERROR(INDEX($B$28:$E$31, MATCH($N40, $B$27:$E$27, 0), MATCH(M$33, $B$27:$E$27, 0)), 0) -> 0 | N40: U4X
B41: =IFERROR(INDEX($B$28:$E$31, MATCH($N41, $B$27:$E$27, 0), MATCH(B$33, $B$27:$E$27, 0)), 0) -> 0 | C41: =IFERROR(INDEX($B$28:$E$31, MATCH($N41, $B$27:$E$27, 0), MATCH(C$33, $B$27:$E$27, 0)), 0) -> 0 | D41: =IFERROR(INDEX($B$28:$E$31, MATCH($N41, $B$27:$E$27, 0), MATCH(D$33, $B$27:$E$27, 0)), 0) -> 0 | E41: =IFERROR(INDEX($B$28:$E$31, MATCH($N41, $B$27:$E$27, 0), MATCH(E$33, $B$27:$E$27, 0)), 0) -> 0 | F41: =IFERROR(INDEX($B$28:$E$31, MATCH($N41, $B$27:$E$27, 0), MATCH(F$33, $B$27:$E$27, 0)), 0) -> 0 | G41: =IFERROR(INDEX($B$28:$E$31, MATCH($N41, $B$27:$E$27, 0), MATCH(G$33, $B$27:$E$27, 0)), 0) -> 0 | H41: =IFERROR(INDEX($B$28:$E$31, MATCH($N41, $B$27:$E$27, 0), MATCH(H$33, $B$27:$E$27, 0)), 0) -> 0 | I41: =IFERROR(INDEX($B$28:$E$31, MATCH($N41, $B$27:$E$27, 0), MATCH(I$33, $B$27:$E$27, 0)), 0) -> 0 | ... M41: =IFERROR(INDEX($B$28:$E$31, MATCH($N41, $B$27:$E$27, 0), MATCH(M$33, $B$27:$E$27, 0)), 0) -> 0 | N41: U4Y
B42: =IFERROR(INDEX($B$28:$E$31, MATCH($N42, $B$27:$E$27, 0), MATCH(B$33, $B$27:$E$27, 0)), 0) -> 0 | C42: =IFERROR(INDEX($B$28:$E$31, MATCH($N42, $B$27:$E$27, 0), MATCH(C$33, $B$27:$E$27, 0)), 0) -> 0 | D42: =IFERROR(INDEX($B$28:$E$31, MATCH($N42, $B$27:$E$27, 0), MATCH(D$33, $B$27:$E$27, 0)), 0) -> 0 | E42: =IFERROR(INDEX($B$28:$E$31, MATCH($N42, $B$27:$E$27, 0), MATCH(E$33, $B$27:$E$27, 0)), 0) -> 0 | F42: =IFERROR(INDEX($B$28:$E$31, MATCH($N42, $B$27:$E$27, 0), MATCH(F$33, $B$27:$E$27, 0)), 0) -> 0 | G42: =IFERROR(INDEX($B$28:$E$31, MATCH($N42, $B$27:$E$27, 0), MATCH(G$33, $B$27:$E$27, 0)), 0) -> 0 | H42: =IFERROR(INDEX($B$28:$E$31, MATCH($N42, $B$27:$E$27, 0), MATCH(H$33, $B$27:$E$27, 0)), 0) -> 0 | I42: =IFERROR(INDEX($B$28:$E$31, MATCH($N42, $B$27:$E$27, 0), MATCH(I$33, $B$27:$E$27, 0)), 0) -> 0 | ... M42: =IFERROR(INDEX($B$28:$E$31, MATCH($N42, $B$27:$E$27, 0), MATCH(M$33, $B$27:$E$27, 0)), 0) -> 0 | N42: U5X
B43: =IFERROR(INDEX($B$28:$E$31, MATCH($N43, $B$27:$E$27, 0), MATCH(B$33, $B$27:$E$27, 0)), 0) -> 0 | C43: =IFERROR(INDEX($B$28:$E$31, MATCH($N43, $B$27:$E$27, 0), MATCH(C$33, $B$27:$E$27, 0)), 0) -> 0 | D43: =IFERROR(INDEX($B$28:$E$31, MATCH($N43, $B$27:$E$27, 0), MATCH(D$33, $B$27:$E$27, 0)), 0) -> 0 | E43: =IFERROR(INDEX($B$28:$E$31, MATCH($N43, $B$27:$E$27, 0), MATCH(E$33, $B$27:$E$27, 0)), 0) -> 0 | F43: =IFERROR(INDEX($B$28:$E$31, MATCH($N43, $B$27:$E$27, 0), MATCH(F$33, $B$27:$E$27, 0)), 0) -> 0 | G43: =IFERROR(INDEX($B$28:$E$31, MATCH($N43, $B$27:$E$27, 0), MATCH(G$33, $B$27:$E$27, 0)), 0) -> 0 | H43: =IFERROR(INDEX($B$28:$E$31, MATCH($N43, $B$27:$E$27, 0), MATCH(H$33, $B$27:$E$27, 0)), 0) -> 0 | I43: =IFERROR(INDEX($B$28:$E$31, MATCH($N43, $B$27:$E$27, 0), MATCH(I$33, $B$27:$E$27, 0)), 0) -> 0 | ... M43: =IFERROR(INDEX($B$28:$E$31, MATCH($N43, $B$27:$E$27, 0), MATCH(M$33, $B$27:$E$27, 0)), 0) -> 0 | N43: U5Y
B44: =IFERROR(INDEX($B$28:$E$31, MATCH($N44, $B$27:$E$27, 0), MATCH(B$33, $B$27:$E$27, 0)), 0) -> 0 | C44: =IFERROR(INDEX($B$28:$E$31, MATCH($N44, $B$27:$E$27, 0), MATCH(C$33, $B$27:$E$27, 0)), 0) -> 0 | D44: =IFERROR(INDEX($B$28:$E$31, MATCH($N44, $B$27:$E$27, 0), MATCH(D$33, $B$27:$E$27, 0)), 0) -> 0 | E44: =IFERROR(INDEX($B$28:$E$31, MATCH($N44, $B$27:$E$27, 0), MATCH(E$33, $B$27:$E$27, 0)), 0) -> 0 | F44: =IFERROR(INDEX($B$28:$E$31, MATCH($N44, $B$27:$E$27, 0), MATCH(F$33, $B$27:$E$27, 0)), 0) -> 0 | G44: =IFERROR(INDEX($B$28:$E$31, MATCH($N44, $B$27:$E$27, 0), MATCH(G$33, $B$27:$E$27, 0)), 0) -> 0 | H44: =IFERROR(INDEX($B$28:$E$31, MATCH($N44, $B$27:$E$27, 0), MATCH(H$33, $B$27:$E$27, 0)), 0) -> 0 | I44: =IFERROR(INDEX($B$28:$E$31, MATCH($N44, $B$27:$E$27, 0), MATCH(I$33, $B$27:$E$27, 0)), 0) -> 0 | ... M44: =IFERROR(INDEX($B$28:$E$31, MATCH($N44, $B$27:$E$27, 0), MATCH(M$33, $B$27:$E$27, 0)), 0) -> 0 | N44: U6X
B45: =IFERROR(INDEX($B$28:$E$31, MATCH($N45, $B$27:$E$27, 0), MATCH(B$33, $B$27:$E$27, 0)), 0) -> 0 | C45: =IFERROR(INDEX($B$28:$E$31, MATCH($N45, $B$27:$E$27, 0), MATCH(C$33, $B$27:$E$27, 0)), 0) -> 0 | D45: =IFERROR(INDEX($B$28:$E$31, MATCH($N45, $B$27:$E$27, 0), MATCH(D$33, $B$27:$E$27, 0)), 0) -> 0 | E45: =IFERROR(INDEX($B$28:$E$31, MATCH($N45, $B$27:$E$27, 0), MATCH(E$33, $B$27:$E$27, 0)), 0) -> 0 | F45: =IFERROR(INDEX($B$28:$E$31, MATCH($N45, $B$27:$E$27, 0), MATCH(F$33, $B$27:$E$27, 0)), 0) -> 0 | G45: =IFERROR(INDEX($B$28:$E$31, MATCH($N45, $B$27:$E$27, 0), MATCH(G$33, $B$27:$E$27, 0)), 0) -> 0 | H45: =IFERROR(INDEX($B$28:$E$31, MATCH($N45, $B$27:$E$27, 0), MATCH(H$33, $B$27:$E$27, 0)), 0) -> 0 | I45: =IFERROR(INDEX($B$28:$E$31, MATCH($N45, $B$27:$E$27, 0), MATCH(I$33, $B$27:$E$27, 0)), 0) -> 0 | ... M45: =IFERROR(INDEX($B$28:$E$31, MATCH($N45, $B$27:$E$27, 0), MATCH(M$33, $B$27:$E$27, 0)), 0) -> 0 | N45: U6Y
A48: k2= | B48: =IF(D18="","-",D18) -> U4X | C48: =IF(E18="","-",E18) -> U4Y | D48: =IF(G18="","-",G18) -> U3X | E48: =IF(H18="","-",H18) -> U3Y
B49: =IF(N7=0, 0, N7*J7*J7) -> 3000 | C49: =IF(N7=0, 0, N7*J7*K7) -> 0 | D49: =IF(N7=0, 0, -N7*J7*J7) -> -3000 | E49: =IF(N7=0, 0, -N7*J7*K7) -> 0 | F49: =IF(D18="","-",D18) -> U4X
B50: =IF(N7=0, 0, N7*J7*K7) -> 0 | C50: =IF(N7=0, 0, N7*K7*K7) -> 0 | D50: =IF(N7=0, 0, -N7*J7*K7) -> 0 | E50: =IF(N7=0, 0, -N7*K7*K7) -> 0 | F50: =IF(E18="","-",E18) -> U4Y
B51: =IF(N7=0, 0, -N7*J7*J7) -> -3000 | C51: =IF(N7=0, 0, -N7*J7*K7) -> 0 | D51: =IF(N7=0, 0, N7*J7*J7) -> 3000 | E51: =IF(N7=0, 0, N7*J7*K7) -> 0 | F51: =IF(G18="","-",G18) -> U3X
B52: =IF(N7=0, 0, -N7*J7*K7) -> 0 | C52: =IF(N7=0, 0, -N7*K7*K7) -> 0 | D52: =IF(N7=0, 0, N7*J7*K7) -> 0 | E52: =IF(N7=0, 0, N7*K7*K7) -> 0 | F52: =IF(H18="","-",H18) -> U3Y
B54: U1X | C54: U1Y | D54: U2X | E54: U2Y | F54: U3X | G54: U3Y | H54: U4X | I54: U4Y | J54: U5X | K54: U5Y | L54: U6X | M54: U6Y
B55: =IFERROR(INDEX($B$49:$E$52, MATCH($N55, $B$48:$E$48, 0), MATCH(B$54, $B$48:$E$48, 0)), 0) -> 0 | C55: =IFERROR(INDEX($B$49:$E$52, MATCH($N55, $B$48:$E$48, 0), MATCH(C$54, $B$48:$E$48, 0)), 0) -> 0 | D55: =IFERROR(INDEX($B$49:$E$52, MATCH($N55, $B$48:$E$48, 0), MATCH(D$54, $B$48:$E$48, 0)), 0) -> 0 | E55: =IFERROR(INDEX($B$49:$E$52, MATCH($N55, $B$48:$E$48, 0), MATCH(E$54, $B$48:$E$48, 0)), 0) -> 0 | F55: =IFERROR(INDEX($B$49:$E$52, MATCH($N55, $B$48:$E$48, 0), MATCH(F$54, $B$48:$E$48, 0)), 0) -> 0 | G55: =IFERROR(INDEX($B$49:$E$52, MATCH($N55, $B$48:$E$48, 0), MATCH(G$54, $B$48:$E$48, 0)), 0) -> 0 | H55: =IFERROR(INDEX($B$49:$E$52, MATCH($N55, $B$48:$E$48, 0), MATCH(H$54, $B$48:$E$48, 0)), 0) -> 0 | I55: =IFERROR(INDEX($B$49:$E$52, MATCH($N55, $B$48:$E$48, 0), MATCH(I$54, $B$48:$E$48, 0)), 0) -> 0 | ... M55: =IFERROR(INDEX($B$49:$E$52, MATCH($N55, $B$48:$E$48, 0), MATCH(M$54, $B$48:$E$48, 0)), 0) -> 0 | N55: U1X
B56: =IFERROR(INDEX($B$49:$E$52, MATCH($N56, $B$48:$E$48, 0), MATCH(B$54, $B$48:$E$48, 0)), 0) -> 0 | C56: =IFERROR(INDEX($B$49:$E$52, MATCH($N56, $B$48:$E$48, 0), MATCH(C$54, $B$48:$E$48, 0)), 0) -> 0 | D56: =IFERROR(INDEX($B$49:$E$52, MATCH($N56, $B$48:$E$48, 0), MATCH(D$54, $B$48:$E$48, 0)), 0) -> 0 | E56: =IFERROR(INDEX($B$49:$E$52, MATCH($N56, $B$48:$E$48, 0), MATCH(E$54, $B$48:$E$48, 0)), 0) -> 0 | F56: =IFERROR(INDEX($B$49:$E$52, MATCH($N56, $B$48:$E$48, 0), MATCH(F$54, $B$48:$E$48, 0)), 0) -> 0 | G56: =IFERROR(INDEX($B$49:$E$52, MATCH($N56, $B$48:$E$48, 0), MATCH(G$54, $B$48:$E$48, 0)), 0) -> 0 | H56: =IFERROR(INDEX($B$49:$E$52, MATCH($N56, $B$48:$E$48, 0), MATCH(H$54, $B$48:$E$48, 0)), 0) -> 0 | I56: =IFERROR(INDEX($B$49:$E$52, MATCH($N56, $B$48:$E$48, 0), MATCH(I$54, $B$48:$E$48, 0)), 0) -> 0 | ... M56: =IFERROR(INDEX($B$49:$E$52, MATCH($N56, $B$48:$E$48, 0), MATCH(M$54, $B$48:$E$48, 0)), 0) -> 0 | N56: U1Y
B57: =IFERROR(INDEX($B$49:$E$52, MATCH($N57, $B$48:$E$48, 0), MATCH(B$54, $B$48:$E$48, 0)), 0) -> 0 | C57: =IFERROR(INDEX($B$49:$E$52, MATCH($N57, $B$48:$E$48, 0), MATCH(C$54, $B$48:$E$48, 0)), 0) -> 0 | D57: =IFERROR(INDEX($B$49:$E$52, MATCH($N57, $B$48:$E$48, 0), MATCH(D$54, $B$48:$E$48, 0)), 0) -> 0 | E57: =IFERROR(INDEX($B$49:$E$52, MATCH($N57, $B$48:$E$48, 0), MATCH(E$54, $B$48:$E$48, 0)), 0) -> 0 | F57: =IFERROR(INDEX($B$49:$E$52, MATCH($N57, $B$48:$E$48, 0), MATCH(F$54, $B$48:$E$48, 0)), 0) -> 0 | G57: =IFERROR(INDEX($B$49:$E$52, MATCH($N57, $B$48:$E$48, 0), MATCH(G$54, $B$48:$E$48, 0)), 0) -> 0 | H57: =IFERROR(INDEX($B$49:$E$52, MATCH($N57, $B$48:$E$48, 0), MATCH(H$54, $B$48:$E$48, 0)), 0) -> 0 | I57: =IFERROR(INDEX($B$49:$E$52, MATCH($N57, $B$48:$E$48, 0), MATCH(I$54, $B$48:$E$48, 0)), 0) -> 0 | ... M57: =IFERROR(INDEX($B$49:$E$52, MATCH($N57, $B$48:$E$48, 0), MATCH(M$54, $B$48:$E$48, 0)), 0) -> 0 | N57: U2X
B58: =IFERROR(INDEX($B$49:$E$52, MATCH($N58, $B$48:$E$48, 0), MATCH(B$54, $B$48:$E$48, 0)), 0) -> 0 | C58: =IFERROR(INDEX($B$49:$E$52, MATCH($N58, $B$48:$E$48, 0), MATCH(C$54, $B$48:$E$48, 0)), 0) -> 0 | D58: =IFERROR(INDEX($B$49:$E$52, MATCH($N58, $B$48:$E$48, 0), MATCH(D$54, $B$48:$E$48, 0)), 0) -> 0 | E58: =IFERROR(INDEX($B$49:$E$52, MATCH($N58, $B$48:$E$48, 0), MATCH(E$54, $B$48:$E$48, 0)), 0) -> 0 | F58: =IFERROR(INDEX($B$49:$E$52, MATCH($N58, $B$48:$E$48, 0), MATCH(F$54, $B$48:$E$48, 0)), 0) -> 0 | G58: =IFERROR(INDEX($B$49:$E$52, MATCH($N58, $B$48:$E$48, 0), MATCH(G$54, $B$48:$E$48, 0)), 0) -> 0 | H58: =IFERROR(INDEX($B$49:$E$52, MATCH($N58, $B$48:$E$48, 0), MATCH(H$54, $B$48:$E$48, 0)), 0) -> 0 | I58: =IFERROR(INDEX($B$49:$E$52, MATCH($N58, $B$48:$E$48, 0), MATCH(I$54, $B$48:$E$48, 0)), 0) -> 0 | ... M58: =IFERROR(INDEX($B$49:$E$52, MATCH($N58, $B$48:$E$48, 0), MATCH(M$54, $B$48:$E$48, 0)), 0) -> 0 | N58: U2Y
B59: =IFERROR(INDEX($B$49:$E$52, MATCH($N59, $B$48:$E$48, 0), MATCH(B$54, $B$48:$E$48, 0)), 0) -> 0 | C59: =IFERROR(INDEX($B$49:$E$52, MATCH($N59, $B$48:$E$48, 0), MATCH(C$54, $B$48:$E$48, 0)), 0) -> 0 | D59: =IFERROR(INDEX($B$49:$E$52, MATCH($N59, $B$48:$E$48, 0), MATCH(D$54, $B$48:$E$48, 0)), 0) -> 0 | E59: =IFERROR(INDEX($B$49:$E$52, MATCH($N59, $B$48:$E$48, 0), MATCH(E$54, $B$48:$E$48, 0)), 0) -> 0 | F59: =IFERROR(INDEX($B$49:$E$52, MATCH($N59, $B$48:$E$48, 0), MATCH(F$54, $B$48:$E$48, 0)), 0) -> 3000 | G59: =IFERROR(INDEX($B$49:$E$52, MATCH($N59, $B$48:$E$48, 0), MATCH(G$54, $B$48:$E$48, 0)), 0) -> 0 | H59: =IFERROR(INDEX($B$49:$E$52, MATCH($N59, $B$48:$E$48, 0), MATCH(H$54, $B$48:$E$48, 0)), 0) -> -3000 | I59: =IFERROR(INDEX($B$49:$E$52, MATCH($N59, $B$48:$E$48, 0), MATCH(I$54, $B$48:$E$48, 0)), 0) -> 0 | ... M59: =IFERROR(INDEX($B$49:$E$52, MATCH($N59, $B$48:$E$48, 0), MATCH(M$54, $B$48:$E$48, 0)), 0) -> 0 | N59: U3X
A60: K2= | B60: =IFERROR(INDEX($B$49:$E$52, MATCH($N60, $B$48:$E$48, 0), MATCH(B$54, $B$48:$E$48, 0)), 0) -> 0 | C60: =IFERROR(INDEX($B$49:$E$52, MATCH($N60, $B$48:$E$48, 0), MATCH(C$54, $B$48:$E$48, 0)), 0) -> 0 | D60: =IFERROR(INDEX($B$49:$E$52, MATCH($N60, $B$48:$E$48, 0), MATCH(D$54, $B$48:$E$48, 0)), 0) -> 0 | E60: =IFERROR(INDEX($B$49:$E$52, MATCH($N60, $B$48:$E$48, 0), MATCH(E$54, $B$48:$E$48, 0)), 0) -> 0 | F60: =IFERROR(INDEX($B$49:$E$52, MATCH($N60, $B$48:$E$48, 0), MATCH(F$54, $B$48:$E$48, 0)), 0) -> 0 | G60: =IFERROR(INDEX($B$49:$E$52, MATCH($N60, $B$48:$E$48, 0), MATCH(G$54, $B$48:$E$48, 0)), 0) -> 0 | H60: =IFERROR(INDEX($B$49:$E$52, MATCH($N60, $B$48:$E$48, 0), MATCH(H$54, $B$48:$E$48, 0)), 0) -> 0 | I60: =IFERROR(INDEX($B$49:$E$52, MATCH($N60, $B$48:$E$48, 0), MATCH(I$54, $B$48:$E$48, 0)), 0) -> 0 | ... M60: =IFERROR(INDEX($B$49:$E$52, MATCH($N60, $B$48:$E$48, 0), MATCH(M$54, $B$48:$E$48, 0)), 0) -> 0 | N60: U3Y
B61: =IFERROR(INDEX($B$49:$E$52, MATCH($N61, $B$48:$E$48, 0), MATCH(B$54, $B$48:$E$48, 0)), 0) -> 0 | C61: =IFERROR(INDEX($B$49:$E$52, MATCH($N61, $B$48:$E$48, 0), MATCH(C$54, $B$48:$E$48, 0)), 0) -> 0 | D61: =IFERROR(INDEX($B$49:$E$52, MATCH($N61, $B$48:$E$48, 0), MATCH(D$54, $B$48:$E$48, 0)), 0) -> 0 | E61: =IFERROR(INDEX($B$49:$E$52, MATCH($N61, $B$48:$E$48, 0), MATCH(E$54, $B$48:$E$48, 0)), 0) -> 0 | F61: =IFERROR(INDEX($B$49:$E$52, MATCH($N61, $B$48:$E$48, 0), MATCH(F$54, $B$48:$E$48, 0)), 0) -> -3000 | G61: =IFERROR(INDEX($B$49:$E$52, MATCH($N61, $B$48:$E$48, 0), MATCH(G$54, $B$48:$E$48, 0)), 0) -> 0 | H61: =IFERROR(INDEX($B$49:$E$52, MATCH($N61, $B$48:$E$48, 0), MATCH(H$54, $B$48:$E$48, 0)), 0) -> 3000 | I61: =IFERROR(INDEX($B$49:$E$52, MATCH($N61, $B$48:$E$48, 0), MATCH(I$54, $B$48:$E$48, 0)), 0) -> 0 | ... M61: =IFERROR(INDEX($B$49:$E$52, MATCH($N61, $B$48:$E$48, 0), MATCH(M$54, $B$48:$E$48, 0)), 0) -> 0 | N61: U4X
B62: =IFERROR(INDEX($B$49:$E$52, MATCH($N62, $B$48:$E$48, 0), MATCH(B$54, $B$48:$E$48, 0)), 0) -> 0 | C62: =IFERROR(INDEX($B$49:$E$52, MATCH($N62, $B$48:$E$48, 0), MATCH(C$54, $B$48:$E$48, 0)), 0) -> 0 | D62: =IFERROR(INDEX($B$49:$E$52, MATCH($N62, $B$48:$E$48, 0), MATCH(D$54, $B$48:$E$48, 0)), 0) -> 0 | E62: =IFERROR(INDEX($B$49:$E$52, MATCH($N62, $B$48:$E$48, 0), MATCH(E$54, $B$48:$E$48, 0)), 0) -> 0 | F62: =IFERROR(INDEX($B$49:$E$52, MATCH($N62, $B$48:$E$48, 0), MATCH(F$54, $B$48:$E$48, 0)), 0) -> 0 | G62: =IFERROR(INDEX($B$49:$E$52, MATCH($N62, $B$48:$E$48, 0), MATCH(G$54, $B$48:$E$48, 0)), 0) -> 0 | H62: =IFERROR(INDEX($B$49:$E$52, MATCH($N62, $B$48:$E$48, 0), MATCH(H$54, $B$48:$E$48, 0)), 0) -> 0 | I62: =IFERROR(INDEX($B$49:$E$52, MATCH($N62, $B$48:$E$48, 0), MATCH(I$54, $B$48:$E$48, 0)), 0) -> 0 | ... M62: =IFERROR(INDEX($B$49:$E$52, MATCH($N62, $B$48:$E$48, 0), MATCH(M$54, $B$48:$E$48, 0)), 0) -> 0 | N62: U4Y
B63: =IFERROR(INDEX($B$49:$E$52, MATCH($N63, $B$48:$E$48, 0), MATCH(B$54, $B$48:$E$48, 0)), 0) -> 0 | C63: =IFERROR(INDEX($B$49:$E$52, MATCH($N63, $B$48:$E$48, 0), MATCH(C$54, $B$48:$E$48, 0)), 0) -> 0 | D63: =IFERROR(INDEX($B$49:$E$52, MATCH($N63, $B$48:$E$48, 0), MATCH(D$54, $B$48:$E$48, 0)), 0) -> 0 | E63: =IFERROR(INDEX($B$49:$E$52, MATCH($N63, $B$48:$E$48, 0), MATCH(E$54, $B$48:$E$48, 0)), 0) -> 0 | F63: =IFERROR(INDEX($B$49:$E$52, MATCH($N63, $B$48:$E$48, 0), MATCH(F$54, $B$48:$E$48, 0)), 0) -> 0 | G63: =IFERROR(INDEX($B$49:$E$52, MATCH($N63, $B$48:$E$48, 0), MATCH(G$54, $B$48:$E$48, 0)), 0) -> 0 | H63: =IFERROR(INDEX($B$49:$E$52, MATCH($N63, $B$48:$E$48, 0), MATCH(H$54, $B$48:$E$48, 0)), 0) -> 0 | I63: =IFERROR(INDEX($B$49:$E$52, MATCH($N63, $B$48:$E$48, 0), MATCH(I$54, $B$48:$E$48, 0)), 0) -> 0 | ... M63: =IFERROR(INDEX($B$49:$E$52, MATCH($N63, $B$48:$E$48, 0), MATCH(M$54, $B$48:$E$48, 0)), 0) -> 0 | N63: U5X
B64: =IFERROR(INDEX($B$49:$E$52, MATCH($N64, $B$48:$E$48, 0), MATCH(B$54, $B$48:$E$48, 0)), 0) -> 0 | C64: =IFERROR(INDEX($B$49:$E$52, MATCH($N64, $B$48:$E$48, 0), MATCH(C$54, $B$48:$E$48, 0)), 0) -> 0 | D64: =IFERROR(INDEX($B$49:$E$52, MATCH($N64, $B$48:$E$48, 0), MATCH(D$54, $B$48:$E$48, 0)), 0) -> 0 | E64: =IFERROR(INDEX($B$49:$E$52, MATCH($N64, $B$48:$E$48, 0), MATCH(E$54, $B$48:$E$48, 0)), 0) -> 0 | F64: =IFERROR(INDEX($B$49:$E$52, MATCH($N64, $B$48:$E$48, 0), MATCH(F$54, $B$48:$E$48, 0)), 0) -> 0 | G64: =IFERROR(INDEX($B$49:$E$52, MATCH($N64, $B$48:$E$48, 0), MATCH(G$54, $B$48:$E$48, 0)), 0) -> 0 | H64: =IFERROR(INDEX($B$49:$E$52, MATCH($N64, $B$48:$E$48, 0), MATCH(H$54, $B$48:$E$48, 0)), 0) -> 0 | I64: =IFERROR(INDEX($B$49:$E$52, MATCH($N64, $B$48:$E$48, 0), MATCH(I$54, $B$48:$E$48, 0)), 0) -> 0 | ... M64: =IFERROR(INDEX($B$49:$E$52, MATCH($N64, $B$48:$E$48, 0), MATCH(M$54, $B$48:$E$48, 0)), 0) -> 0 | N64: U5Y
B65: =IFERROR(INDEX($B$49:$E$52, MATCH($N65, $B$48:$E$48, 0), MATCH(B$54, $B$48:$E$48, 0)), 0) -> 0 | C65: =IFERROR(INDEX($B$49:$E$52, MATCH($N65, $B$48:$E$48, 0), MATCH(C$54, $B$48:$E$48, 0)), 0) -> 0 | D65: =IFERROR(INDEX($B$49:$E$52, MATCH($N65, $B$48:$E$48, 0), MATCH(D$54, $B$48:$E$48, 0)), 0) -> 0 | E65: =IFERROR(INDEX($B$49:$E$52, MATCH($N65, $B$48:$E$48, 0), MATCH(E$54, $B$48:$E$48, 0)), 0) -> 0 | F65: =IFERROR(INDEX($B$49:$E$52, MATCH($N65, $B$48:$E$48, 0), MATCH(F$54, $B$48:$E$48, 0)), 0) -> 0 | G65: =IFERROR(INDEX($B$49:$E$52, MATCH($N65, $B$48:$E$48, 0), MATCH(G$54, $B$48:$E$48, 0)), 0) -> 0 | H65: =IFERROR(INDEX($B$49:$E$52, MATCH($N65, $B$48:$E$48, 0), MATCH(H$54, $B$48:$E$48, 0)), 0) -> 0 | I65: =IFERROR(INDEX($B$49:$E$52, MATCH($N65, $B$48:$E$48, 0), MATCH(I$54, $B$48:$E$48, 0)), 0) -> 0 | ... M65: =IFERROR(INDEX($B$49:$E$52, MATCH($N65, $B$48:$E$48, 0), MATCH(M$54, $B$48:$E$48, 0)), 0) -> 0 | N65: U6X
B66: =IFERROR(INDEX($B$49:$E$52, MATCH($N66, $B$48:$E$48, 0), MATCH(B$54, $B$48:$E$48, 0)), 0) -> 0 | C66: =IFERROR(INDEX($B$49:$E$52, MATCH($N66, $B$48:$E$48, 0), MATCH(C$54, $B$48:$E$48, 0)), 0) -> 0 | D66: =IFERROR(INDEX($B$49:$E$52, MATCH($N66, $B$48:$E$48, 0), MATCH(D$54, $B$48:$E$48, 0)), 0) -> 0 | E66: =IFERROR(INDEX($B$49:$E$52, MATCH($N66, $B$48:$E$48, 0), MATCH(E$54, $B$48:$E$48, 0)), 0) -> 0 | F66: =IFERROR(INDEX($B$49:$E$52, MATCH($N66, $B$48:$E$48, 0), MATCH(F$54, $B$48:$E$48, 0)), 0) -> 0 | G66: =IFERROR(INDEX($B$49:$E$52, MATCH($N66, $B$48:$E$48, 0), MATCH(G$54, $B$48:$E$48, 0)), 0) -> 0 | H66: =IFERROR(INDEX($B$49:$E$52, MATCH($N66, $B$48:$E$48, 0), MATCH(H$54, $B$48:$E$48, 0)), 0) -> 0 | I66: =IFERROR(INDEX($B$49:$E$52, MATCH($N66, $B$48:$E$48, 0), MATCH(I$54, $B$48:$E$48, 0)), 0) -> 0 | ... M66: =IFERROR(INDEX($B$49:$E$52, MATCH($N66, $B$48:$E$48, 0), MATCH(M$54, $B$48:$E$48, 0)), 0) -> 0 | N66: U6Y
A69: k3= | B69: =IF(D19="","-",D19) -> U1X | C69: =IF(E19="","-",E19) -> U1Y | D69: =IF(G19="","-",G19) -> U4X | E69: =IF(H19="","-",H19) -> U4Y
B70: =IF(N8=0, 0, N8*J8*J8) -> 214.00202 | C70: =IF(N8=0, 0, N8*J8*K8) -> -856.00809 | D70: =IF(N8=0, 0, -N8*J8*J8) -> -214.00202 | E70: =IF(N8=0, 0, -N8*J8*K8) -> 856.00809 | F70: =IF(D19="","-",D19) -> U1X
B71: =IF(N8=0, 0, N8*J8*K8) -> -856.00809 | C71: =IF(N8=0, 0, N8*K8*K8) -> 3424.0324 | D71: =IF(N8=0, 0, -N8*J8*K8) -> 856.00809 | E71: =IF(N8=0, 0, -N8*K8*K8) -> -3424.0324 | F71: =IF(E19="","-",E19) -> U1Y
B72: =IF(N8=0, 0, -N8*J8*J8) -> -214.00202 | C72: =IF(N8=0, 0, -N8*J8*K8) -> 856.00809 | D72: =IF(N8=0, 0, N8*J8*J8) -> 214.00202 | E72: =IF(N8=0, 0, N8*J8*K8) -> -856.00809 | F72: =IF(G19="","-",G19) -> U4X
B73: =IF(N8=0, 0, -N8*J8*K8) -> 856.00809 | C73: =IF(N8=0, 0, -N8*K8*K8) -> -3424.0324 | D73: =IF(N8=0, 0, N8*J8*K8) -> -856.00809 | E73: =IF(N8=0, 0, N8*K8*K8) -> 3424.0324 | F73: =IF(H19="","-",H19) -> U4Y
B75: U1X | C75: U1Y | D75: U2X | E75: U2Y | F75: U3X | G75: U3Y | H75: U4X | I75: U4Y | J75: U5X | K75: U5Y | L75: U6X | M75: U6Y
B76: =IFERROR(INDEX($B$70:$E$73, MATCH($N76, $B$69:$E$69, 0), MATCH(B$75, $B$69:$E$69, 0)), 0) -> 214.00202 | C76: =IFERROR(INDEX($B$70:$E$73, MATCH($N76, $B$69:$E$69, 0), MATCH(C$75, $B$69:$E$69, 0)), 0) -> -856.00809 | D76: =IFERROR(INDEX($B$70:$E$73, MATCH($N76, $B$69:$E$69, 0), MATCH(D$75, $B$69:$E$69, 0)), 0) -> 0 | E76: =IFERROR(INDEX($B$70:$E$73, MATCH($N76, $B$69:$E$69, 0), MATCH(E$75, $B$69:$E$69, 0)), 0) -> 0 | F76: =IFERROR(INDEX($B$70:$E$73, MATCH($N76, $B$69:$E$69, 0), MATCH(F$75, $B$69:$E$69, 0)), 0) -> 0 | G76: =IFERROR(INDEX($B$70:$E$73, MATCH($N76, $B$69:$E$69, 0), MATCH(G$75, $B$69:$E$69, 0)), 0) -> 0 | H76: =IFERROR(INDEX($B$70:$E$73, MATCH($N76, $B$69:$E$69, 0), MATCH(H$75, $B$69:$E$69, 0)), 0) -> -214.00202 | I76: =IFERROR(INDEX($B$70:$E$73, MATCH($N76, $B$69:$E$69, 0), MATCH(I$75, $B$69:$E$69, 0)), 0) -> 856.00809 | ... M76: =IFERROR(INDEX($B$70:$E$73, MATCH($N76, $B$69:$E$69, 0), MATCH(M$75, $B$69:$E$69, 0)), 0) -> 0 | N76: U1X
B77: =IFERROR(INDEX($B$70:$E$73, MATCH($N77, $B$69:$E$69, 0), MATCH(B$75, $B$69:$E$69, 0)), 0) -> -856.00809 | C77: =IFERROR(INDEX($B$70:$E$73, MATCH($N77, $B$69:$E$69, 0), MATCH(C$75, $B$69:$E$69, 0)), 0) -> 3424.0324 | D77: =IFERROR(INDEX($B$70:$E$73, MATCH($N77, $B$69:$E$69, 0), MATCH(D$75, $B$69:$E$69, 0)), 0) -> 0 | E77: =IFERROR(INDEX($B$70:$E$73, MATCH($N77, $B$69:$E$69, 0), MATCH(E$75, $B$69:$E$69, 0)), 0) -> 0 | F77: =IFERROR(INDEX($B$70:$E$73, MATCH($N77, $B$69:$E$69, 0), MATCH(F$75, $B$69:$E$69, 0)), 0) -> 0 | G77: =IFERROR(INDEX($B$70:$E$73, MATCH($N77, $B$69:$E$69, 0), MATCH(G$75, $B$69:$E$69, 0)), 0) -> 0 | H77: =IFERROR(INDEX($B$70:$E$73, MATCH($N77, $B$69:$E$69, 0), MATCH(H$75, $B$69:$E$69, 0)), 0) -> 856.00809 | I77: =IFERROR(INDEX($B$70:$E$73, MATCH($N77, $B$69:$E$69, 0), MATCH(I$75, $B$69:$E$69, 0)), 0) -> -3424.0324 | ... M77: =IFERROR(INDEX($B$70:$E$73, MATCH($N77, $B$69:$E$69, 0), MATCH(M$75, $B$69:$E$69, 0)), 0) -> 0 | N77: U1Y
B78: =IFERROR(INDEX($B$70:$E$73, MATCH($N78, $B$69:$E$69, 0), MATCH(B$75, $B$69:$E$69, 0)), 0) -> 0 | C78: =IFERROR(INDEX($B$70:$E$73, MATCH($N78, $B$69:$E$69, 0), MATCH(C$75, $B$69:$E$69, 0)), 0) -> 0 | D78: =IFERROR(INDEX($B$70:$E$73, MATCH($N78, $B$69:$E$69, 0), MATCH(D$75, $B$69:$E$69, 0)), 0) -> 0 | E78: =IFERROR(INDEX($B$70:$E$73, MATCH($N78, $B$69:$E$69, 0), MATCH(E$75, $B$69:$E$69, 0)), 0) -> 0 | F78: =IFERROR(INDEX($B$70:$E$73, MATCH($N78, $B$69:$E$69, 0), MATCH(F$75, $B$69:$E$69, 0)), 0) -> 0 | G78: =IFERROR(INDEX($B$70:$E$73, MATCH($N78, $B$69:$E$69, 0), MATCH(G$75, $B$69:$E$69, 0)), 0) -> 0 | H78: =IFERROR(INDEX($B$70:$E$73, MATCH($N78, $B$69:$E$69, 0), MATCH(H$75, $B$69:$E$69, 0)), 0) -> 0 | I78: =IFERROR(INDEX($B$70:$E$73, MATCH($N78, $B$69:$E$69, 0), MATCH(I$75, $B$69:$E$69, 0)), 0) -> 0 | ... M78: =IFERROR(INDEX($B$70:$E$73, MATCH($N78, $B$69:$E$69, 0), MATCH(M$75, $B$69:$E$69, 0)), 0) -> 0 | N78: U2X
B79: =IFERROR(INDEX($B$70:$E$73, MATCH($N79, $B$69:$E$69, 0), MATCH(B$75, $B$69:$E$69, 0)), 0) -> 0 | C79: =IFERROR(INDEX($B$70:$E$73, MATCH($N79, $B$69:$E$69, 0), MATCH(C$75, $B$69:$E$69, 0)), 0) -> 0 | D79: =IFERROR(INDEX($B$70:$E$73, MATCH($N79, $B$69:$E$69, 0), MATCH(D$75, $B$69:$E$69, 0)), 0) -> 0 | E79: =IFERROR(INDEX($B$70:$E$73, MATCH($N79, $B$69:$E$69, 0), MATCH(E$75, $B$69:$E$69, 0)), 0) -> 0 | F79: =IFERROR(INDEX($B$70:$E$73, MATCH($N79, $B$69:$E$69, 0), MATCH(F$75, $B$69:$E$69, 0)), 0) -> 0 | G79: =IFERROR(INDEX($B$70:$E$73, MATCH($N79, $B$69:$E$69, 0), MATCH(G$75, $B$69:$E$69, 0)), 0) -> 0 | H79: =IFERROR(INDEX($B$70:$E$73, MATCH($N79, $B$69:$E$69, 0), MATCH(H$75, $B$69:$E$69, 0)), 0) -> 0 | I79: =IFERROR(INDEX($B$70:$E$73, MATCH($N79, $B$69:$E$69, 0), MATCH(I$75, $B$69:$E$69, 0)), 0) -> 0 | ... M79: =IFERROR(INDEX($B$70:$E$73, MATCH($N79, $B$69:$E$69, 0), MATCH(M$75, $B$69:$E$69, 0)), 0) -> 0 | N79: U2Y
B80: =IFERROR(INDEX($B$70:$E$73, MATCH($N80, $B$69:$E$69, 0), MATCH(B$75, $B$69:$E$69, 0)), 0) -> 0 | C80: =IFERROR(INDEX($B$70:$E$73, MATCH($N80, $B$69:$E$69, 0), MATCH(C$75, $B$69:$E$69, 0)), 0) -> 0 | D80: =IFERROR(INDEX($B$70:$E$73, MATCH($N80, $B$69:$E$69, 0), MATCH(D$75, $B$69:$E$69, 0)), 0) -> 0 | E80: =IFERROR(INDEX($B$70:$E$73, MATCH($N80, $B$69:$E$69, 0), MATCH(E$75, $B$69:$E$69, 0)), 0) -> 0 | F80: =IFERROR(INDEX($B$70:$E$73, MATCH($N80, $B$69:$E$69, 0), MATCH(F$75, $B$69:$E$69, 0)), 0) -> 0 | G80: =IFERROR(INDEX($B$70:$E$73, MATCH($N80, $B$69:$E$69, 0), MATCH(G$75, $B$69:$E$69, 0)), 0) -> 0 | H80: =IFERROR(INDEX($B$70:$E$73, MATCH($N80, $B$69:$E$69, 0), MATCH(H$75, $B$69:$E$69, 0)), 0) -> 0 | I80: =IFERROR(INDEX($B$70:$E$73, MATCH($N80, $B$69:$E$69, 0), MATCH(I$75, $B$69:$E$69, 0)), 0) -> 0 | ... M80: =IFERROR(INDEX($B$70:$E$73, MATCH($N80, $B$69:$E$69, 0), MATCH(M$75, $B$69:$E$69, 0)), 0) -> 0 | N80: U3X
A81: K3= | B81: =IFERROR(INDEX($B$70:$E$73, MATCH($N81, $B$69:$E$69, 0), MATCH(B$75, $B$69:$E$69, 0)), 0) -> 0 | C81: =IFERROR(INDEX($B$70:$E$73, MATCH($N81, $B$69:$E$69, 0), MATCH(C$75, $B$69:$E$69, 0)), 0) -> 0 | D81: =IFERROR(INDEX($B$70:$E$73, MATCH($N81, $B$69:$E$69, 0), MATCH(D$75, $B$69:$E$69, 0)), 0) -> 0 | E81: =IFERROR(INDEX($B$70:$E$73, MATCH($N81, $B$69:$E$69, 0), MATCH(E$75, $B$69:$E$69, 0)), 0) -> 0 | F81: =IFERROR(INDEX($B$70:$E$73, MATCH($N81, $B$69:$E$69, 0), MATCH(F$75, $B$69:$E$69, 0)), 0) -> 0 | G81: =IFERROR(INDEX($B$70:$E$73, MATCH($N81, $B$69:$E$69, 0), MATCH(G$75, $B$69:$E$69, 0)), 0) -> 0 | H81: =IFERROR(INDEX($B$70:$E$73, MATCH($N81, $B$69:$E$69, 0), MATCH(H$75, $B$69:$E$69, 0)), 0) -> 0 | I81: =IFERROR(INDEX($B$70:$E$73, MATCH($N81, $B$69:$E$69, 0), MATCH(I$75, $B$69:$E$69, 0)), 0) -> 0 | ... M81: =IFERROR(INDEX($B$70:$E$73, MATCH($N81, $B$69:$E$69, 0), MATCH(M$75, $B$69:$E$69, 0)), 0) -> 0 | N81: U3Y
B82: =IFERROR(INDEX($B$70:$E$73, MATCH($N82, $B$69:$E$69, 0), MATCH(B$75, $B$69:$E$69, 0)), 0) -> -214.00202 | C82: =IFERROR(INDEX($B$70:$E$73, MATCH($N82, $B$69:$E$69, 0), MATCH(C$75, $B$69:$E$69, 0)), 0) -> 856.00809 | D82: =IFERROR(INDEX($B$70:$E$73, MATCH($N82, $B$69:$E$69, 0), MATCH(D$75, $B$69:$E$69, 0)), 0) -> 0 | E82: =IFERROR(INDEX($B$70:$E$73, MATCH($N82, $B$69:$E$69, 0), MATCH(E$75, $B$69:$E$69, 0)), 0) -> 0 | F82: =IFERROR(INDEX($B$70:$E$73, MATCH($N82, $B$69:$E$69, 0), MATCH(F$75, $B$69:$E$69, 0)), 0) -> 0 | G82: =IFERROR(INDEX($B$70:$E$73, MATCH($N82, $B$69:$E$69, 0), MATCH(G$75, $B$69:$E$69, 0)), 0) -> 0 | H82: =IFERROR(INDEX($B$70:$E$73, MATCH($N82, $B$69:$E$69, 0), MATCH(H$75, $B$69:$E$69, 0)), 0) -> 214.00202 | I82: =IFERROR(INDEX($B$70:$E$73, MATCH($N82, $B$69:$E$69, 0), MATCH(I$75, $B$69:$E$69, 0)), 0) -> -856.00809 | ... M82: =IFERROR(INDEX($B$70:$E$73, MATCH($N82, $B$69:$E$69, 0), MATCH(M$75, $B$69:$E$69, 0)), 0) -> 0 | N82: U4X
B83: =IFERROR(INDEX($B$70:$E$73, MATCH($N83, $B$69:$E$69, 0), MATCH(B$75, $B$69:$E$69, 0)), 0) -> 856.00809 | C83: =IFERROR(INDEX($B$70:$E$73, MATCH($N83, $B$69:$E$69, 0), MATCH(C$75, $B$69:$E$69, 0)), 0) -> -3424.0324 | D83: =IFERROR(INDEX($B$70:$E$73, MATCH($N83, $B$69:$E$69, 0), MATCH(D$75, $B$69:$E$69, 0)), 0) -> 0 | E83: =IFERROR(INDEX($B$70:$E$73, MATCH($N83, $B$69:$E$69, 0), MATCH(E$75, $B$69:$E$69, 0)), 0) -> 0 | F83: =IFERROR(INDEX($B$70:$E$73, MATCH($N83, $B$69:$E$69, 0), MATCH(F$75, $B$69:$E$69, 0)), 0) -> 0 | G83: =IFERROR(INDEX($B$70:$E$73, MATCH($N83, $B$69:$E$69, 0), MATCH(G$75, $B$69:$E$69, 0)), 0) -> 0 | H83: =IFERROR(INDEX($B$70:$E$73, MATCH($N83, $B$69:$E$69, 0), MATCH(H$75, $B$69:$E$69, 0)), 0) -> -856.00809 | I83: =IFERROR(INDEX($B$70:$E$73, MATCH($N83, $B$69:$E$69, 0), MATCH(I$75, $B$69:$E$69, 0)), 0) -> 3424.0324 | ... M83: =IFERROR(INDEX($B$70:$E$73, MATCH($N83, $B$69:$E$69, 0), MATCH(M$75, $B$69:$E$69, 0)), 0) -> 0 | N83: U4Y
B84: =IFERROR(INDEX($B$70:$E$73, MATCH($N84, $B$69:$E$69, 0), MATCH(B$75, $B$69:$E$69, 0)), 0) -> 0 | C84: =IFERROR(INDEX($B$70:$E$73, MATCH($N84, $B$69:$E$69, 0), MATCH(C$75, $B$69:$E$69, 0)), 0) -> 0 | D84: =IFERROR(INDEX($B$70:$E$73, MATCH($N84, $B$69:$E$69, 0), MATCH(D$75, $B$69:$E$69, 0)), 0) -> 0 | E84: =IFERROR(INDEX($B$70:$E$73, MATCH($N84, $B$69:$E$69, 0), MATCH(E$75, $B$69:$E$69, 0)), 0) -> 0 | F84: =IFERROR(INDEX($B$70:$E$73, MATCH($N84, $B$69:$E$69, 0), MATCH(F$75, $B$69:$E$69, 0)), 0) -> 0 | G84: =IFERROR(INDEX($B$70:$E$73, MATCH($N84, $B$69:$E$69, 0), MATCH(G$75, $B$69:$E$69, 0)), 0) -> 0 | H84: =IFERROR(INDEX($B$70:$E$73, MATCH($N84, $B$69:$E$69, 0), MATCH(H$75, $B$69:$E$69, 0)), 0) -> 0 | I84: =IFERROR(INDEX($B$70:$E$73, MATCH($N84, $B$69:$E$69, 0), MATCH(I$75, $B$69:$E$69, 0)), 0) -> 0 | ... M84: =IFERROR(INDEX($B$70:$E$73, MATCH($N84, $B$69:$E$69, 0), MATCH(M$75, $B$69:$E$69, 0)), 0) -> 0 | N84: U5X
B85: =IFERROR(INDEX($B$70:$E$73, MATCH($N85, $B$69:$E$69, 0), MATCH(B$75, $B$69:$E$69, 0)), 0) -> 0 | C85: =IFERROR(INDEX($B$70:$E$73, MATCH($N85, $B$69:$E$69, 0), MATCH(C$75, $B$69:$E$69, 0)), 0) -> 0 | D85: =IFERROR(INDEX($B$70:$E$73, MATCH($N85, $B$69:$E$69, 0), MATCH(D$75, $B$69:$E$69, 0)), 0) -> 0 | E85: =IFERROR(INDEX($B$70:$E$73, MATCH($N85, $B$69:$E$69, 0), MATCH(E$75, $B$69:$E$69, 0)), 0) -> 0 | F85: =IFERROR(INDEX($B$70:$E$73, MATCH($N85, $B$69:$E$69, 0), MATCH(F$75, $B$69:$E$69, 0)), 0) -> 0 | G85: =IFERROR(INDEX($B$70:$E$73, MATCH($N85, $B$69:$E$69, 0), MATCH(G$75, $B$69:$E$69, 0)), 0) -> 0 | H85: =IFERROR(INDEX($B$70:$E$73, MATCH($N85, $B$69:$E$69, 0), MATCH(H$75, $B$69:$E$69, 0)), 0) -> 0 | I85: =IFERROR(INDEX($B$70:$E$73, MATCH($N85, $B$69:$E$69, 0), MATCH(I$75, $B$69:$E$69, 0)), 0) -> 0 | ... M85: =IFERROR(INDEX($B$70:$E$73, MATCH($N85, $B$69:$E$69, 0), MATCH(M$75, $B$69:$E$69, 0)), 0) -> 0 | N85: U5Y
B86: =IFERROR(INDEX($B$70:$E$73, MATCH($N86, $B$69:$E$69, 0), MATCH(B$75, $B$69:$E$69, 0)), 0) -> 0 | C86: =IFERROR(INDEX($B$70:$E$73, MATCH($N86, $B$69:$E$69, 0), MATCH(C$75, $B$69:$E$69, 0)), 0) -> 0 | D86: =IFERROR(INDEX($B$70:$E$73, MATCH($N86, $B$69:$E$69, 0), MATCH(D$75, $B$69:$E$69, 0)), 0) -> 0 | E86: =IFERROR(INDEX($B$70:$E$73, MATCH($N86, $B$69:$E$69, 0), MATCH(E$75, $B$69:$E$69, 0)), 0) -> 0 | F86: =IFERROR(INDEX($B$70:$E$73, MATCH($N86, $B$69:$E$69, 0), MATCH(F$75, $B$69:$E$69, 0)), 0) -> 0 | G86: =IFERROR(INDEX($B$70:$E$73, MATCH($N86, $B$69:$E$69, 0), MATCH(G$75, $B$69:$E$69, 0)), 0) -> 0 | H86: =IFERROR(INDEX($B$70:$E$73, MATCH($N86, $B$69:$E$69, 0), MATCH(H$75, $B$69:$E$69, 0)), 0) -> 0 | I86: =IFERROR(INDEX($B$70:$E$73, MATCH($N86, $B$69:$E$69, 0), MATCH(I$75, $B$69:$E$69, 0)), 0) -> 0 | ... M86: =IFERROR(INDEX($B$70:$E$73, MATCH($N86, $B$69:$E$69, 0), MATCH(M$75, $B$69:$E$69, 0)), 0) -> 0 | N86: U6X
B87: =IFERROR(INDEX($B$70:$E$73, MATCH($N87, $B$69:$E$69, 0), MATCH(B$75, $B$69:$E$69, 0)), 0) -> 0 | C87: =IFERROR(INDEX($B$70:$E$73, MATCH($N87, $B$69:$E$69, 0), MATCH(C$75, $B$69:$E$69, 0)), 0) -> 0 | D87: =IFERROR(INDEX($B$70:$E$73, MATCH($N87, $B$69:$E$69, 0), MATCH(D$75, $B$69:$E$69, 0)), 0) -> 0 | E87: =IFERROR(INDEX($B$70:$E$73, MATCH($N87, $B$69:$E$69, 0), MATCH(E$75, $B$69:$E$69, 0)), 0) -> 0 | F87: =IFERROR(INDEX($B$70:$E$73, MATCH($N87, $B$69:$E$69, 0), MATCH(F$75, $B$69:$E$69, 0)), 0) -> 0 | G87: =IFERROR(INDEX($B$70:$E$73, MATCH($N87, $B$69:$E$69, 0), MATCH(G$75, $B$69:$E$69, 0)), 0) -> 0 | H87: =IFERROR(INDEX($B$70:$E$73, MATCH($N87, $B$69:$E$69, 0), MATCH(H$75, $B$69:$E$69, 0)), 0) -> 0 | I87: =IFERROR(INDEX($B$70:$E$73, MATCH($N87, $B$69:$E$69, 0), MATCH(I$75, $B$69:$E$69, 0)), 0) -> 0 | ... M87: =IFERROR(INDEX($B$70:$E$73, MATCH($N87, $B$69:$E$69, 0), MATCH(M$75, $B$69:$E$69, 0)), 0) -> 0 | N87: U6Y
A90: k4= | B90: =IF(D20="","-",D20) -> U2X | C90: =IF(E20="","-",E20) -> U2Y | D90: =IF(G20="","-",G20) -> U4X | E90: =IF(H20="","-",H20) -> U4Y
B91: =IF(N9=0, 0, N9*J9*J9) -> 1920 | C91: =IF(N9=0, 0, N9*J9*K9) -> -1440 | D91: =IF(N9=0, 0, -N9*J9*J9) -> -1920 | E91: =IF(N9=0, 0, -N9*J9*K9) -> 1440 | F91: =IF(D20="","-",D20) -> U2X
B92: =IF(N9=0, 0, N9*J9*K9) -> -1440 | C92: =IF(N9=0, 0, N9*K9*K9) -> 1080 | D92: =IF(N9=0, 0, -N9*J9*K9) -> 1440 | E92: =IF(N9=0, 0, -N9*K9*K9) -> -1080 | F92: =IF(E20="","-",E20) -> U2Y
B93: =IF(N9=0, 0, -N9*J9*J9) -> -1920 | C93: =IF(N9=0, 0, -N9*J9*K9) -> 1440 | D93: =IF(N9=0, 0, N9*J9*J9) -> 1920 | E93: =IF(N9=0, 0, N9*J9*K9) -> -1440 | F93: =IF(G20="","-",G20) -> U4X
B94: =IF(N9=0, 0, -N9*J9*K9) -> 1440 | C94: =IF(N9=0, 0, -N9*K9*K9) -> -1080 | D94: =IF(N9=0, 0, N9*J9*K9) -> -1440 | E94: =IF(N9=0, 0, N9*K9*K9) -> 1080 | F94: =IF(H20="","-",H20) -> U4Y
B96: U1X | C96: U1Y | D96: U2X | E96: U2Y | F96: U3X | G96: U3Y | H96: U4X | I96: U4Y | J96: U5X | K96: U5Y | L96: U6X | M96: U6Y
B97: =IFERROR(INDEX($B$91:$E$94, MATCH($N97, $B$90:$E$90, 0), MATCH(B$96, $B$90:$E$90, 0)), 0) -> 0 | C97: =IFERROR(INDEX($B$91:$E$94, MATCH($N97, $B$90:$E$90, 0), MATCH(C$96, $B$90:$E$90, 0)), 0) -> 0 | D97: =IFERROR(INDEX($B$91:$E$94, MATCH($N97, $B$90:$E$90, 0), MATCH(D$96, $B$90:$E$90, 0)), 0) -> 0 | E97: =IFERROR(INDEX($B$91:$E$94, MATCH($N97, $B$90:$E$90, 0), MATCH(E$96, $B$90:$E$90, 0)), 0) -> 0 | F97: =IFERROR(INDEX($B$91:$E$94, MATCH($N97, $B$90:$E$90, 0), MATCH(F$96, $B$90:$E$90, 0)), 0) -> 0 | G97: =IFERROR(INDEX($B$91:$E$94, MATCH($N97, $B$90:$E$90, 0), MATCH(G$96, $B$90:$E$90, 0)), 0) -> 0 | H97: =IFERROR(INDEX($B$91:$E$94, MATCH($N97, $B$90:$E$90, 0), MATCH(H$96, $B$90:$E$90, 0)), 0) -> 0 | I97: =IFERROR(INDEX($B$91:$E$94, MATCH($N97, $B$90:$E$90, 0), MATCH(I$96, $B$90:$E$90, 0)), 0) -> 0 | ... M97: =IFERROR(INDEX($B$91:$E$94, MATCH($N97, $B$90:$E$90, 0), MATCH(M$96, $B$90:$E$90, 0)), 0) -> 0 | N97: U1X
B98: =IFERROR(INDEX($B$91:$E$94, MATCH($N98, $B$90:$E$90, 0), MATCH(B$96, $B$90:$E$90, 0)), 0) -> 0 | C98: =IFERROR(INDEX($B$91:$E$94, MATCH($N98, $B$90:$E$90, 0), MATCH(C$96, $B$90:$E$90, 0)), 0) -> 0 | D98: =IFERROR(INDEX($B$91:$E$94, MATCH($N98, $B$90:$E$90, 0), MATCH(D$96, $B$90:$E$90, 0)), 0) -> 0 | E98: =IFERROR(INDEX($B$91:$E$94, MATCH($N98, $B$90:$E$90, 0), MATCH(E$96, $B$90:$E$90, 0)), 0) -> 0 | F98: =IFERROR(INDEX($B$91:$E$94, MATCH($N98, $B$90:$E$90, 0), MATCH(F$96, $B$90:$E$90, 0)), 0) -> 0 | G98: =IFERROR(INDEX($B$91:$E$94, MATCH($N98, $B$90:$E$90, 0), MATCH(G$96, $B$90:$E$90, 0)), 0) -> 0 | H98: =IFERROR(INDEX($B$91:$E$94, MATCH($N98, $B$90:$E$90, 0), MATCH(H$96, $B$90:$E$90, 0)), 0) -> 0 | I98: =IFERROR(INDEX($B$91:$E$94, MATCH($N98, $B$90:$E$90, 0), MATCH(I$96, $B$90:$E$90, 0)), 0) -> 0 | ... M98: =IFERROR(INDEX($B$91:$E$94, MATCH($N98, $B$90:$E$90, 0), MATCH(M$96, $B$90:$E$90, 0)), 0) -> 0 | N98: U1Y
B99: =IFERROR(INDEX($B$91:$E$94, MATCH($N99, $B$90:$E$90, 0), MATCH(B$96, $B$90:$E$90, 0)), 0) -> 0 | C99: =IFERROR(INDEX($B$91:$E$94, MATCH($N99, $B$90:$E$90, 0), MATCH(C$96, $B$90:$E$90, 0)), 0) -> 0 | D99: =IFERROR(INDEX($B$91:$E$94, MATCH($N99, $B$90:$E$90, 0), MATCH(D$96, $B$90:$E$90, 0)), 0) -> 1920 | E99: =IFERROR(INDEX($B$91:$E$94, MATCH($N99, $B$90:$E$90, 0), MATCH(E$96, $B$90:$E$90, 0)), 0) -> -1440 | F99: =IFERROR(INDEX($B$91:$E$94, MATCH($N99, $B$90:$E$90, 0), MATCH(F$96, $B$90:$E$90, 0)), 0) -> 0 | G99: =IFERROR(INDEX($B$91:$E$94, MATCH($N99, $B$90:$E$90, 0), MATCH(G$96, $B$90:$E$90, 0)), 0) -> 0 | H99: =IFERROR(INDEX($B$91:$E$94, MATCH($N99, $B$90:$E$90, 0), MATCH(H$96, $B$90:$E$90, 0)), 0) -> -1920 | I99: =IFERROR(INDEX($B$91:$E$94, MATCH($N99, $B$90:$E$90, 0), MATCH(I$96, $B$90:$E$90, 0)), 0) -> 1440 | ... M99: =IFERROR(INDEX($B$91:$E$94, MATCH($N99, $B$90:$E$90, 0), MATCH(M$96, $B$90:$E$90, 0)), 0) -> 0 | N99: U2X
B100: =IFERROR(INDEX($B$91:$E$94, MATCH($N100, $B$90:$E$90, 0), MATCH(B$96, $B$90:$E$90, 0)), 0) -> 0 | C100: =IFERROR(INDEX($B$91:$E$94, MATCH($N100, $B$90:$E$90, 0), MATCH(C$96, $B$90:$E$90, 0)), 0) -> 0 | D100: =IFERROR(INDEX($B$91:$E$94, MATCH($N100, $B$90:$E$90, 0), MATCH(D$96, $B$90:$E$90, 0)), 0) -> -1440 | E100: =IFERROR(INDEX($B$91:$E$94, MATCH($N100, $B$90:$E$90, 0), MATCH(E$96, $B$90:$E$90, 0)), 0) -> 1080 | F100: =IFERROR(INDEX($B$91:$E$94, MATCH($N100, $B$90:$E$90, 0), MATCH(F$96, $B$90:$E$90, 0)), 0) -> 0 | G100: =IFERROR(INDEX($B$91:$E$94, MATCH($N100, $B$90:$E$90, 0), MATCH(G$96, $B$90:$E$90, 0)), 0) -> 0 | H100: =IFERROR(INDEX($B$91:$E$94, MATCH($N100, $B$90:$E$90, 0), MATCH(H$96, $B$90:$E$90, 0)), 0) -> 1440 | I100: =IFERROR(INDEX($B$91:$E$94, MATCH($N100, $B$90:$E$90, 0), MATCH(I$96, $B$90:$E$90, 0)), 0) -> -1080 | ... M100: =IFERROR(INDEX($B$91:$E$94, MATCH($N100, $B$90:$E$90, 0), MATCH(M$96, $B$90:$E$90, 0)), 0) -> 0 | N100: U2Y
